Handle,Title,Body (HTML),Vendor,Product Category,Type,Tags,Published,Option1 Name,Option1 Value,Option1 Linked To,Option2 Name,Option2 Value,Option2 Linked To,Option3 Name,Option3 Value,Option3 Linked To,Variant SKU,Variant Grams,Variant Inventory Tracker,Variant Inventory Qty,Variant Inventory Policy,Variant Fulfillment Service,Variant Price,Variant Compare At Price,Variant Requires Shipping,Variant Taxable,Unit Price Total Measure,Unit Price Total Measure Unit,Unit Price Base Measure,Unit Price Base Measure Unit,Variant Barcode,Image Src,Image Position,Image Alt Text,Gift Card,SEO Title,SEO Description,Variant Image,Variant Weight Unit,Variant Tax Code,Cost per item,Status
jacobs-250g-12444,Jacobs 250g,,Basarabia,,Tea & Coffee,Tea & Coffee,TRUE,Title,Default Title,,,,,,,,MAR-12444,250.0201143,shopify,12,deny,manual,5.7,,TRUE,FALSE,,,,,,,,,FALSE,,,,lb,,,active
fortuna-rosu-100g-11186,Fortuna Rosu 100g,,Basarabia,,Tea & Coffee,Tea & Coffee,TRUE,Title,Default Title,,,,,,,,MAR-11186,100.0171176,shopify,24,deny,manual,1.8,,TRUE,FALSE,,,,,,,,,FALSE,,,,lb,,,active
fortuna-rosu-250g-11187,Fortuna Rosu 250g,,Basarabia,,Tea & Coffee,Tea & Coffee,TRUE,Title,Default Title,,,,,,,,MAR-11187,250.0201143,shopify,12,deny,manual,3.7,,TRUE,FALSE,,,,,,,,,FALSE,,,,lb,,,active
fortuna-rendez-vous-gusto-italiano-100g-16859,Fortuna Rendez-Vous Gusto Italiano 100g,,Basarabia,,Tea & Coffee,Tea & Coffee,TRUE,Title,Default Title,,,,,,,,MAR-16859,100.0171176,shopify,24,deny,manual,2.5,,TRUE,FALSE,,,,,,,,,FALSE,,,,lb,,,active
fortuna-rendez-vous-gusto-italiano-250g-16858,Fortuna Rendez-Vous Gusto Italiano 250g,,Basarabia,,Tea & Coffee,Tea & Coffee,TRUE,Title,Default Title,,,,,,,,MAR-16858,250.0201143,shopify,12,deny,manual,5.4,,TRUE,FALSE,,,,,,,,,FALSE,,,,lb,,,active
fortuna-rendez-vous-250g-11190,Fortuna Rendez-Vous 250g,,Basarabia,,Tea & Coffee,Tea & Coffee,TRUE,Title,Default Title,,,,,,,,MAR-11190,250.0201143,shopify,12,deny,manual,5.7,,TRUE,FALSE,,,,,,,,,FALSE,,,,lb,,,active
doncafe-selected-crema-250g-17385,Doncafe Selected Crema 250g,,Basarabia,,Tea & Coffee,Tea & Coffee,TRUE,Title,Default Title,,,,,,,,MAR-17385,250.0201143,shopify,12,deny,manual,5.1,,TRUE,FALSE,,,,,,,,,FALSE,,,,lb,,,active
doncafe-selected-boabe-1kg-18831,Doncafe Selected Boabe 1kg,,Basarabia,,Tea & Coffee,Tea & Coffee,TRUE,Title,Default Title,,,,,,,,MAR-18831,999.9897389,shopify,6,deny,manual,19.4,,TRUE,FALSE,,,,,,,,,FALSE,,,,lb,,,active
doncafe-selected-100g-17384,Doncafe Selected 100g,,Basarabia,,Tea & Coffee,Tea & Coffee,TRUE,Title,Default Title,,,,,,,,MAR-17384,100.0171176,shopify,24,deny,manual,2.1,,TRUE,FALSE,,,,,,,,,FALSE,,,,lb,,,active
doncafe-select-250g-11717,Doncafe Select 250g,,Basarabia,,Tea & Coffee,Tea & Coffee,TRUE,Title,Default Title,,,,,,,,MAR-11717,250.0201143,shopify,12,deny,manual,3.8,,TRUE,FALSE,,,,,,,,,FALSE,,,,lb,,,active
doncafe-elita-intense-250g-11716,Doncafe Elita Intense 250g,,Basarabia,,Tea & Coffee,Tea & Coffee,TRUE,Title,Default Title,,,,,,,,MAR-11716,250.0201143,shopify,12,deny,manual,4.1,,TRUE,FALSE,,,,,,,,,FALSE,,,,lb,,,active
doncafe-elita-instant-200g-17383,Doncafe Elita Instant 200g,,Basarabia,,Tea & Coffee,Tea & Coffee,TRUE,Title,Default Title,,,,,,,,MAR-17383,199.9888759,shopify,6,deny,manual,6,,TRUE,FALSE,,,,,,,,,FALSE,,,,lb,,,active
amigo-cafea-instant-100g-12600,Amigo Cafea Instant 100g,,Basarabia,,Tea & Coffee,Tea & Coffee,TRUE,Title,Default Title,,,,,,,,MAR-12600,100.0171176,shopify,12,deny,manual,3.6,,TRUE,FALSE,,,,,,,,,FALSE,,,,lb,,,active
viva-pernite-cacao-200g-11386,Viva Pernite Cacao 200g,,Basarabia,Uncategorized,Sweets & Snacks,Sweets & Snacks,TRUE,Title,Default Title,,,,,,,,MAR-11386,199.9888759,shopify,14,deny,manual,1.2,,TRUE,FALSE,,,,,,,,,FALSE,,,,lb,,,active
viva-pernite-banane-200g-17826,Viva Pernite Banane 200g,,Basarabia,Uncategorized,Sweets & Snacks,Sweets & Snacks,TRUE,Title,Default Title,,,,,,,,MAR-17826,199.9888759,shopify,14,deny,manual,1.2,,TRUE,FALSE,,,,,,,,,FALSE,,,,lb,,,active
viva-pernite-alune-200g-11387,Viva Pernite Alune 200g,,Basarabia,,Sweets & Snacks,Sweets & Snacks,TRUE,Title,Default Title,,,,,,,,MAR-11387,199.9888759,shopify,14,deny,manual,1.2,,TRUE,FALSE,,,,,,,,,FALSE,,,,lb,,,active
viva-mixies-pernite-asortate-240g-18539,Viva Mixies Pernite Asortate 240g,,Basarabia,,Sweets & Snacks,Sweets & Snacks,TRUE,Title,Default Title,,,,,,,,MAR-18539,239.995723,shopify,14,deny,manual,1.9,,TRUE,FALSE,,,,,,,,,FALSE,,,,lb,,,active
viva-me-gusta-crema-tartinabila-alune-si-cacao-18862,Viva Me Gusta Crema Tartinabila Alune Si Cacao,,Basarabia,,Sweets & Snacks,Sweets & Snacks,TRUE,Title,Default Title,,,,,,,,MAR-18862,0,shopify,6,deny,manual,3.1,,TRUE,FALSE,,,,,,,,,FALSE,,,,lb,,,active
vel-pitar-biscuiti-populari-500g-14261,Vel Pitar Biscuiti Populari 500g,,Basarabia,,Sweets & Snacks,Sweets & Snacks,TRUE,Title,Default Title,,,,,,,,MAR-14261,499.9948695,shopify,16,deny,manual,2.4,,TRUE,FALSE,,,,,,,,,FALSE,,,,lb,,,active
vel-pitar-biscuiti-populari-900g-13808,Vel Pitar Biscuiti Populari 900g,,Basarabia,,Sweets & Snacks,Sweets & Snacks,TRUE,Title,Default Title,,,,,,,,MAR-13808,900.0179806,shopify,10,deny,manual,3.3,,TRUE,FALSE,,,,,,,,,FALSE,,,,lb,,,active
turbo-guma-box-12409,Turbo Guma Box,,Basarabia,,Sweets & Snacks,Sweets & Snacks,TRUE,Title,Default Title,,,,,,,,MAR-12409,0,shopify,1,deny,manual,4.7,,TRUE,TRUE,,,,,,,,,FALSE,,,,lb,,,active
toy-joy-3d-jelly-eyes-sbox-60pcs-18184,Toy Joy 3D Jelly Eyes Sbox(60Pcs),,Basarabia,,Sweets & Snacks,Sweets & Snacks,TRUE,Title,Default Title,,,,,,,,MAR-18184,0,shopify,1,deny,manual,28.5,,TRUE,TRUE,,,,,,,,,FALSE,,,,lb,,,active
tadu-fursecuri-asortate-450g-11877,Tadu Fursecuri Asortate 450g,,Basarabia,,Sweets & Snacks,Sweets & Snacks,TRUE,Title,Default Title,,,,,,,,MAR-11877,450.0089903,shopify,4,deny,manual,3.2,,TRUE,FALSE,,,,,,,,,FALSE,,,,lb,,,active
tadu-cornulete-de-casa-cu-rahat-450g-11873,Tadu Cornulete De Casa Cu Rahat 450g,,Basarabia,,Sweets & Snacks,Sweets & Snacks,TRUE,Title,Default Title,,,,,,,,MAR-11873,450.0089903,shopify,4,deny,manual,3.1,,TRUE,FALSE,,,,,,,,,FALSE,,,,lb,,,active
tadu-cornulete-de-casa-cu-gem-de-fructe-450g-12845,Tadu Cornulete De Casa Cu Gem De Fructe 450g,,Basarabia,,Sweets & Snacks,Sweets & Snacks,TRUE,Title,Default Title,,,,,,,,MAR-12845,450.0089903,shopify,4,deny,manual,3.9,,TRUE,FALSE,,,,,,,,,FALSE,,,,lb,,,active
sanziene-cornulete-gem-prune-280g-17932,Sanziene Cornulete Gem Prune 280g,,Basarabia,,Sweets & Snacks,Sweets & Snacks,TRUE,Title,Default Title,,,,,,,,MAR-17932,280.00257,shopify,16,deny,manual,2.5,,TRUE,FALSE,,,,,,,,,FALSE,,,,lb,,,active
sanziene-cornulete-gem-280g-12228,Sanziene Cornulete Gem 280g,,Basarabia,,Sweets & Snacks,Sweets & Snacks,TRUE,Title,Default Title,,,,,,,,MAR-12228,280.00257,shopify,16,deny,manual,2.6,,TRUE,FALSE,,,,,,,,,FALSE,,,,lb,,,active
roshen-praline-cherry-queen-122g-15306,Roshen Praline Cherry Queen 122g,,Basarabia,,Sweets & Snacks,Sweets & Snacks,TRUE,Title,Default Title,,,,,,,,MAR-15306,122.0163475,shopify,8,deny,manual,4.1,,TRUE,TRUE,,,,,,,,,FALSE,,,,lb,,,active
rollo-cereale-glazura-cacao-100g-14822,Rollo Cereale Glazura Cacao 100g,,Basarabia,,Sweets & Snacks,Sweets & Snacks,TRUE,Title,Default Title,,,,,,,,MAR-14822,100.0171176,shopify,33,deny,manual,1.1,,TRUE,TRUE,,,,,,,,,FALSE,,,,lb,,,active
roks-acadele-pepene-verde-70g-10687,Roks Acadele Pepene Verde 70g,,Basarabia,,Sweets & Snacks,Sweets & Snacks,TRUE,Title,Default Title,,,,,,,,MAR-10687,69.98930269,shopify,27,deny,manual,1.7,,TRUE,TRUE,,,,,,,,,FALSE,,,,lb,,,active
rock-pastile-aprins-focul-48-buc-15525,Rock Pastile Aprins Focul 48 Buc,,Basarabia,,Sweets & Snacks,Sweets & Snacks,TRUE,Title,Default Title,,,,,,,,MAR-15525,0,shopify,28,deny,manual,1.2,,TRUE,TRUE,,,,,,,,,FALSE,,,,lb,,,active
raffaello-150g-18006,Raffaello 150g,,Basarabia,,Sweets & Snacks,Sweets & Snacks,TRUE,Title,Default Title,,,,,,,,MAR-18006,150.0029968,shopify,6,deny,manual,5,,TRUE,TRUE,,,,,,,,,FALSE,,,,lb,,,active
orbit-winterfrost-14g-10658,Orbit Winterfrost 14g,,Basarabia,,Sweets & Snacks,Sweets & Snacks,TRUE,Title,Default Title,,,,,,,,MAR-10658,14.01600423,shopify,30,deny,manual,0.9,,TRUE,TRUE,,,,,,,,,FALSE,,,,lb,,,active
orbit-refreshers-tropical-17-9g-17507,Orbit Refreshers Tropical 17.9g,,Basarabia,,Sweets & Snacks,Sweets & Snacks,TRUE,Title,Default Title,,,,,,,,MAR-17507,8.981128926,shopify,12,deny,manual,1.2,,TRUE,TRUE,,,,,,,,,FALSE,,,,lb,,,active
orbit-refreshers-strawberry-lemon-17-9g-17505,Orbit Refreshers Strawberry Lemon 17.9g,,Basarabia,,Sweets & Snacks,Sweets & Snacks,TRUE,Title,Default Title,,,,,,,,MAR-17505,8.981128926,shopify,12,deny,manual,1.2,,TRUE,TRUE,,,,,,,,,FALSE,,,,lb,,,active
orbit-refreshers-spearmint-17-9g-17506,Orbit Refreshers Spearmint 17.9g,,Basarabia,,Sweets & Snacks,Sweets & Snacks,TRUE,Title,Default Title,,,,,,,,MAR-17506,8.981128926,shopify,12,deny,manual,1.2,,TRUE,TRUE,,,,,,,,,FALSE,,,,lb,,,active
orbit-peppermint-14g-10655,Orbit Peppermint 14g,,Basarabia,,Sweets & Snacks,Sweets & Snacks,TRUE,Title,Default Title,,,,,,,,MAR-10655,14.01600423,shopify,30,deny,manual,0.9,,TRUE,TRUE,,,,,,,,,FALSE,,,,lb,,,active
naty-napolitane-cu-crema-si-glazura-de-cocos-140g-18860,Naty Napolitane Cu Crema Si Glazura De Cocos 140g,,Basarabia,,Sweets & Snacks,Sweets & Snacks,TRUE,Title,Default Title,,,,,,,,MAR-18860,139.9786054,shopify,9,deny,manual,1.4,,TRUE,TRUE,,,,,,,,,FALSE,,,,lb,,,active
naty-napolitane-cu-crema-si-glazura-de-cappuccino-18859,Naty Napolitane Cu Crema Si Glazura De Cappuccino,,Basarabia,,Sweets & Snacks,Sweets & Snacks,TRUE,Title,Default Title,,,,,,,,MAR-18859,0,shopify,9,deny,manual,1.4,,TRUE,TRUE,,,,,,,,,FALSE,,,,lb,,,active
naty-napolitane-cu-crema-de-cacao-si-glazura-de-cacao-18861,Naty Napolitane Cu Crema De Cacao Si Glazura De Cacao,,Basarabia,,Sweets & Snacks,Sweets & Snacks,TRUE,Title,Default Title,,,,,,,,MAR-18861,0,shopify,9,deny,manual,1.4,,TRUE,TRUE,,,,,,,,,FALSE,,,,lb,,,active
morello-foi-mari-napolitane-180g-17196,Morello Foi Mari Napolitane 180g,,Basarabia,,Sweets & Snacks,Sweets & Snacks,TRUE,Title,Default Title,,,,,,,,MAR-17196,179.9854524,shopify,16,deny,manual,1.3,,TRUE,FALSE,,,,,,,,,FALSE,,,,lb,,,active
monte-banato-galuste-pufoase-85g-18570,Monte Banato Galuste Pufoase 85g,,Basarabia,,Sweets & Snacks,Sweets & Snacks,TRUE,Title,Default Title,,,,,,,,MAR-18570,85.00321014,shopify,10,deny,manual,1.7,,TRUE,FALSE,,,,,,,,,FALSE,,,,lb,,,active
magura-prajitura-macaron-cappuccino-35g-18897,Magura Prajitura Macaron Cappuccino 35g,,Basarabia,,Sweets & Snacks,Sweets & Snacks,TRUE,Title,Default Title,,,,,,,,MAR-18897,35.01733096,shopify,24,deny,manual,0.4,,TRUE,FALSE,,,,,,,,,FALSE,,,,lb,,,active
magura-prajitura-macaron-banofee-35g-18896,Magura Prajitura Macaron Banofee 35g,,Basarabia,,Sweets & Snacks,Sweets & Snacks,TRUE,Title,Default Title,,,,,,,,MAR-18896,35.01733096,shopify,24,deny,manual,0.4,,TRUE,FALSE,,,,,,,,,FALSE,,,,lb,,,active
lucky-girl-ou-cu-surprize-30g-15641,Lucky Girl Ou Cu Surprize 30g,,Basarabia,,Sweets & Snacks,Sweets & Snacks,TRUE,Title,Default Title,,,,,,,,MAR-15641,29.98245566,shopify,8,deny,manual,2.6,,TRUE,TRUE,,,,,,,,,FALSE,,,,lb,,,active
lucky-boy-ou-cu-surprize-30g-15640,Lucky Boy Ou Cu Surprize 30g,,Basarabia,,Sweets & Snacks,Sweets & Snacks,TRUE,Title,Default Title,,,,,,,,MAR-15640,29.98245566,shopify,8,deny,manual,2.6,,TRUE,TRUE,,,,,,,,,FALSE,,,,lb,,,active
lolly-popsy-acadele-melc-30g-13223,Lolly Popsy Acadele Melc 30g,,Basarabia,,Sweets & Snacks,Sweets & Snacks,TRUE,Title,Default Title,,,,,,,,MAR-13223,29.98245566,shopify,32,deny,manual,1.4,,TRUE,TRUE,,,,,,,,,FALSE,,,,lb,,,active
laleli-vata-de-zahar-15g-12865,Laleli Vata De Zahar 15g,,Basarabia,,Sweets & Snacks,"price-match, Sweets & Snacks",TRUE,Title,Default Title,,,,,,,,MAR-12865,15.01390745,shopify,12,deny,manual,0.7,,TRUE,TRUE,,,,,,,,,FALSE,,,,lb,,,active
la-neamu-griliaj-350g-16722,La Neamu Griliaj 350g,,Basarabia,,Sweets & Snacks,Sweets & Snacks,TRUE,Title,Default Title,,,,,,,,MAR-16722,349.9918727,shopify,6,deny,manual,3.9,,TRUE,FALSE,,,,,,,,,FALSE,,,,lb,,,active
la-neamu-cornulete-gem-visine-350g-17194,La Neamu Cornulete Gem Visine 350g,,Basarabia,,Sweets & Snacks,Sweets & Snacks,TRUE,Title,Default Title,,,,,,,,MAR-17194,349.9918727,shopify,6,deny,manual,3.3,,TRUE,FALSE,,,,,,,,,FALSE,,,,lb,,,active
la-neamu-cornulete-gem-prune-350g-16719,La Neamu Cornulete Gem Prune 350g,,Basarabia,,Sweets & Snacks,Sweets & Snacks,TRUE,Title,Default Title,,,,,,,,MAR-16719,349.9918727,shopify,6,deny,manual,3.3,,TRUE,FALSE,,,,,,,,,FALSE,,,,lb,,,active
la-neamu-cornulete-gem-capsuni-350g-16720,La Neamu Cornulete Gem Capsuni 350g,,Basarabia,,Sweets & Snacks,Sweets & Snacks,TRUE,Title,Default Title,,,,,,,,MAR-16720,349.9918727,shopify,6,deny,manual,3.3,,TRUE,FALSE,,,,,,,,,FALSE,,,,lb,,,active
la-neamu-cornulete-gem-caise-350g-16721,La Neamu Cornulete Gem Caise 350g,,Basarabia,,Sweets & Snacks,Sweets & Snacks,TRUE,Title,Default Title,,,,,,,,MAR-16721,349.9918727,shopify,6,deny,manual,3.3,,TRUE,FALSE,,,,,,,,,FALSE,,,,lb,,,active
la-neamu-biscuiti-nuca-300g-17195,La Neamu Biscuiti Nuca 300g,,Basarabia,,Sweets & Snacks,Sweets & Snacks,TRUE,Title,Default Title,,,,,,,,MAR-17195,300.0059935,shopify,6,deny,manual,3.8,,TRUE,FALSE,,,,,,,,,FALSE,,,,lb,,,active
klassic-candy-floss-sweet-and-sour-50g-18106,Klassic Candy Floss Sweet And Sour 50g,,Basarabia,,Sweets & Snacks,Sweets & Snacks,TRUE,Title,Default Title,,,,,,,,MAR-18106,49.98587917,shopify,18,deny,manual,1.5,,TRUE,TRUE,,,,,,,,,FALSE,,,,lb,,,active
klassic-candy-floss-sweet-50g-18105,Klassic Candy Floss Sweet 50g,,Basarabia,,Sweets & Snacks,Sweets & Snacks,TRUE,Title,Default Title,,,,,,,,MAR-18105,49.98587917,shopify,18,deny,manual,1.5,,TRUE,TRUE,,,,,,,,,FALSE,,,,lb,,,active
kinder-paradiso-29g-17810,Kinder Paradiso 29g,,Basarabia,,Sweets & Snacks,Sweets & Snacks,TRUE,Title,Default Title,,,,,,,,MAR-17810,28.98455244,shopify,28,deny,manual,1,,TRUE,FALSE,,,,,,,,,FALSE,,,,lb,,,active
irina-foi-cu-miere-pentru-prajituri-sau-torturi-16886,Irina Foi Cu Miere Pentru Prajituri Sau Torturi,,Basarabia,,Sweets & Snacks,Sweets & Snacks,TRUE,Title,Default Title,,,,,,,,MAR-16886,0,shopify,8,deny,manual,3.9,,TRUE,FALSE,,,,,,,,,FALSE,,,,lb,,,active
hubba-bubba-capsuni-35g-17033,Hubba Bubba Capsuni 35g,,Basarabia,,Sweets & Snacks,Sweets & Snacks,TRUE,Title,Default Title,,,,,,,,MAR-17033,35.01733096,shopify,20,deny,manual,0.7,,TRUE,TRUE,,,,,,,,,FALSE,,,,lb,,,active
haribo-peaches-100g-17850,Haribo Peaches 100g,,Basarabia,,Sweets & Snacks,Sweets & Snacks,TRUE,Title,Default Title,,,,,,,,MAR-17850,100.0171176,shopify,24,deny,manual,1.5,,TRUE,TRUE,,,,,,,,,FALSE,,,,lb,,,active
haribo-happy-cherries-100g-17849,Haribo Happy Cherries 100g,,Basarabia,,Sweets & Snacks,Sweets & Snacks,TRUE,Title,Default Title,,,,,,,,MAR-17849,100.0171176,shopify,30,deny,manual,1.5,,TRUE,TRUE,,,,,,,,,FALSE,,,,lb,,,active
haribo-chamallows-pink-white-70g-17857,Haribo Chamallows Pink White 70g,,Basarabia,,Sweets & Snacks,Sweets & Snacks,TRUE,Title,Default Title,,,,,,,,MAR-17857,69.98930269,shopify,24,deny,manual,1.2,,TRUE,TRUE,,,,,,,,,FALSE,,,,lb,,,active
gummy-mini-burgers-asorted-sbox-24pcs-17366,Gummy Mini Burgers Asorted Sbox (24Pcs),,Basarabia,,Sweets & Snacks,Sweets & Snacks,TRUE,Title,Default Title,,,,,,,,MAR-17366,0,shopify,1,deny,manual,9.6,,TRUE,TRUE,,,,,,,,,FALSE,,,,lb,,,active
grania-faina-cozonac-1kg-11042,Grania Faina Cozonac 1kg,,Basarabia,,Sweets & Snacks,"price-match, Sweets & Snacks",TRUE,Title,Default Title,,,,,,,,MAR-11042,999.9897389,shopify,10,deny,manual,1,,TRUE,FALSE,,,,,,,,,FALSE,,,,lb,,,active
eti-puf-colorate-18g-12419,Eti Puf Colorate 18g,,Basarabia,,Sweets & Snacks,Sweets & Snacks,TRUE,Title,Default Title,,,,,,,,MAR-12419,18.00761709,shopify,48,deny,manual,0.3,,TRUE,FALSE,,,,,,,,,FALSE,,,,lb,,,active
eti-puf-cocos-16g-12416,Eti Puf Cocos 16g,,Basarabia,,Sweets & Snacks,Sweets & Snacks,TRUE,Title,Default Title,,,,,,,,MAR-12416,16.01181066,shopify,48,deny,manual,0.3,,TRUE,FALSE,,,,,,,,,FALSE,,,,lb,,,active
eti-puf-cacao-18g-12417,Eti Puf Cacao 18g,,Basarabia,,Sweets & Snacks,Sweets & Snacks,TRUE,Title,Default Title,,,,,,,,MAR-12417,18.00761709,shopify,48,deny,manual,0.3,,TRUE,FALSE,,,,,,,,,FALSE,,,,lb,,,active
dobrogea-faina-000-cozonac-1kg-13861,Dobrogea Faina 000 Cozonac 1kg,,Basarabia,,Sweets & Snacks,"price-match, Sweets & Snacks",TRUE,Title,Default Title,,,,,,,,MAR-13861,999.9897389,shopify,10,deny,manual,0.9,,TRUE,FALSE,,,,,,,,,FALSE,,,,lb,,,active
dobrogea-eugenia-zurli-cr-lapte-cacao-pach-family-14584,Dobrogea Eugenia Zurli Cr. Lapte Cacao Pach Family,,Basarabia,,Sweets & Snacks,Sweets & Snacks,TRUE,Title,Default Title,,,,,,,,MAR-14584,0,shopify,11,deny,manual,3,,TRUE,FALSE,,,,,,,,,FALSE,,,,lb,,,active
dobrogea-eugenia-zurli-cr-lapte-cacao-display-14581,Dobrogea Eugenia Zurli Cr. Lapte Cacao Display,,Basarabia,,Sweets & Snacks,Sweets & Snacks,TRUE,Title,Default Title,,,,,,,,MAR-14581,0,shopify,24,deny,manual,0.4,,TRUE,FALSE,,,,,,,,,FALSE,,,,lb,,,active
dobrogea-eugenia-family-original-10x36g-10847,Dobrogea Eugenia Family Original 10X36g,,Basarabia,,Sweets & Snacks,Sweets & Snacks,TRUE,Title,Default Title,,,,,,,,MAR-10847,36.01523418,shopify,11,deny,manual,2.8,,TRUE,FALSE,,,,,,,,,FALSE,,,,lb,,,active
dobrogea-eugenia-family-cacao-cocos-10x36g-18913,Dobrogea Eugenia Family Cacao Cocos 10X36g,,Basarabia,,Sweets & Snacks,Sweets & Snacks,TRUE,Title,Default Title,,,,,,,,MAR-18913,36.01523418,shopify,11,deny,manual,3,,TRUE,FALSE,,,,,,,,,FALSE,,,,lb,,,active
dobrogea-eugenia-family-bubble-gum-roz-10x36g-18914,Dobrogea Eugenia Family Bubble Gum Roz 10X36g,,Basarabia,,Sweets & Snacks,Sweets & Snacks,TRUE,Title,Default Title,,,,,,,,MAR-18914,36.01523418,shopify,11,deny,manual,3,,TRUE,FALSE,,,,,,,,,FALSE,,,,lb,,,active
boromir-tortulet-de-biscuiti-cu-stafide-50g-15885,Boromir Tortulet De Biscuiti Cu Stafide 50g,,Basarabia,,Sweets & Snacks,Sweets & Snacks,TRUE,Title,Default Title,,,,,,,,MAR-15885,49.98587917,shopify,44,deny,manual,0.4,,TRUE,FALSE,,,,,,,,,FALSE,,,,lb,,,active
boromir-tortulet-de-biscuiti-cu-cirese-confiate-15884,Boromir Tortulet De Biscuiti Cu Cirese Confiate,,Basarabia,,Sweets & Snacks,Sweets & Snacks,TRUE,Title,Default Title,,,,,,,,MAR-15884,0,shopify,44,deny,manual,0.4,,TRUE,FALSE,,,,,,,,,FALSE,,,,lb,,,active
boromir-strudeline-cu-gem-de-visine-230g-17569,Boromir Strudeline Cu Gem De Visine 230g,,Basarabia,,Sweets & Snacks,Sweets & Snacks,TRUE,Title,Default Title,,,,,,,,MAR-17569,230.0166908,shopify,10,deny,manual,2.3,,TRUE,FALSE,,,,,,,,,FALSE,,,,lb,,,active
boromir-strudeline-cu-gem-de-caise-230g-17568,Boromir Strudeline Cu Gem De Caise 230g,,Basarabia,,Sweets & Snacks,Sweets & Snacks,TRUE,Title,Default Title,,,,,,,,MAR-17568,230.0166908,shopify,10,deny,manual,2.2,,TRUE,FALSE,,,,,,,,,FALSE,,,,lb,,,active
boromir-prajitura-tort-nuci-250g-13894,Boromir Prajitura Tort Nuci 250g,,Basarabia,,Sweets & Snacks,Sweets & Snacks,TRUE,Title,Default Title,,,,,,,,MAR-13894,250.0201143,shopify,8,deny,manual,2.5,,TRUE,FALSE,,,,,,,,,FALSE,,,,lb,,,active
boromir-prajitura-tort-mokacino-250g-11346,Boromir Prajitura Tort Mokacino 250g,,Basarabia,,Sweets & Snacks,Sweets & Snacks,TRUE,Title,Default Title,,,,,,,,MAR-11346,250.0201143,shopify,8,deny,manual,2.6,,TRUE,FALSE,,,,,,,,,FALSE,,,,lb,,,active
boromir-faina-cozonac-1kg-11327,Boromir Faina Cozonac 1kg,,Basarabia,,Sweets & Snacks,"price-match, Sweets & Snacks",TRUE,Title,Default Title,,,,,,,,MAR-11327,999.9897389,shopify,10,deny,manual,1.3,,TRUE,FALSE,,,,,,,,,FALSE,,,,lb,,,active
boromir-blat-tort-simplu-400g-11326,Boromir Blat Tort Simplu 400g,,Basarabia,,Sweets & Snacks,Sweets & Snacks,TRUE,Title,Default Title,,,,,,,,MAR-11326,399.9777519,shopify,6,deny,manual,2.9,,TRUE,FALSE,,,,,,,,,FALSE,,,,lb,,,active
boromir-blat-tort-cacao-400g-11328,Boromir Blat Tort Cacao 400g,,Basarabia,,Sweets & Snacks,Sweets & Snacks,TRUE,Title,Default Title,,,,,,,,MAR-11328,399.9777519,shopify,6,deny,manual,2.9,,TRUE,FALSE,,,,,,,,,FALSE,,,,lb,,,active
biskrem-zmeura-160g-13289,Biskrem Zmeura 160g,,Basarabia,,Sweets & Snacks,Sweets & Snacks,TRUE,Title,Default Title,,,,,,,,MAR-13289,159.9820289,shopify,12,deny,manual,1.3,,TRUE,FALSE,,,,,,,,,FALSE,,,,lb,,,active
biskrem-visine-160g-18130,Biskrem Visine 160g,,Basarabia,,Sweets & Snacks,Sweets & Snacks,TRUE,Title,Default Title,,,,,,,,MAR-18130,159.9820289,shopify,12,deny,manual,1.3,,TRUE,FALSE,,,,,,,,,FALSE,,,,lb,,,active
biskrem-cacao-160g-11722,Biskrem Cacao 160g,,Basarabia,,Sweets & Snacks,Sweets & Snacks,TRUE,Title,Default Title,,,,,,,,MAR-11722,159.9820289,shopify,12,deny,manual,1.3,,TRUE,FALSE,,,,,,,,,FALSE,,,,lb,,,active
biskrem-biscuiti-turta-dulce-160g-18637,Biskrem Biscuiti Turta Dulce 160g,,Basarabia,,Sweets & Snacks,Sweets & Snacks,TRUE,Title,Default Title,,,,,,,,MAR-18637,159.9820289,shopify,12,deny,manual,1.3,,TRUE,FALSE,,,,,,,,,FALSE,,,,lb,,,active
accasa-saleuri-cu-susan-220g-14804,Accasa Saleuri Cu Susan 220g,,Basarabia,,Sweets & Snacks,Sweets & Snacks,TRUE,Title,Default Title,,,,,,,,MAR-14804,219.9922995,shopify,8,deny,manual,2.7,,TRUE,FALSE,,,,,,,,,FALSE,,,,lb,,,active
accasa-saleuri-cu-cascaval-220g-14803,Accasa Saleuri Cu Cascaval 220g,,Basarabia,,Sweets & Snacks,Sweets & Snacks,TRUE,Title,Default Title,,,,,,,,MAR-14803,219.9922995,shopify,8,deny,manual,2.7,,TRUE,FALSE,,,,,,,,,FALSE,,,,lb,,,active
accasa-limba-pisica-250g-15719,Accasa Limba Pisica 250g,,Basarabia,,Sweets & Snacks,Sweets & Snacks,TRUE,Title,Default Title,,,,,,,,MAR-15719,250.0201143,shopify,8,deny,manual,2.7,,TRUE,FALSE,,,,,,,,,FALSE,,,,lb,,,active
acadele-heart-thank-you-60g-18775,Acadele Heart Thank You 60g,,Basarabia,,Sweets & Snacks,Sweets & Snacks,TRUE,Title,Default Title,,,,,,,,MAR-18775,60.01027055,shopify,24,deny,manual,1.7,,TRUE,TRUE,,,,,,,,,FALSE,,,,lb,,,active
acadele-charlie-clown-70g-18773,Acadele Charlie Clown 70g,,Basarabia,,Sweets & Snacks,Sweets & Snacks,TRUE,Title,Default Title,,,,,,,,MAR-18773,69.98930269,shopify,24,deny,manual,1.8,,TRUE,TRUE,,,,,,,,,FALSE,,,,lb,,,active
acadele-brilliant-heart-60g-18499,Acadele Brilliant Heart 60g,,Basarabia,,Sweets & Snacks,Sweets & Snacks,TRUE,Title,Default Title,,,,,,,,MAR-18499,60.01027055,shopify,24,deny,manual,1.8,,TRUE,TRUE,,,,,,,,,FALSE,,,,lb,,,active
acadele-animal-heads-70g-18500,Acadele Animal Heads 70g,,Basarabia,,Sweets & Snacks,Sweets & Snacks,TRUE,Title,Default Title,,,,,,,,MAR-18500,69.98930269,shopify,24,deny,manual,1.8,,TRUE,TRUE,,,,,,,,,FALSE,,,,lb,,,active
viva-pernite-lapte-200g-18298,Viva Pernite Lapte 200g,,Basarabia,,Sweets & Snacks,Sweets & Snacks,TRUE,Title,Default Title,,,,,,,,MAR-18298,199.9888759,shopify,14,deny,manual,0.9,,TRUE,FALSE,,,,,,,,,FALSE,,,,lb,,,active
boromir-tort-dobos-600g-18798,Boromir Tort Dobos 600g,,Basarabia,,Sweets & Snacks,Sweets & Snacks,TRUE,Title,Default Title,,,,,,,,MAR-18798,600.011987,shopify,4,deny,manual,4.2,,TRUE,FALSE,,,,,,,,,FALSE,,,,lb,,,active
boromir-tort-crema-de-lapte-600g-18800,Boromir Tort Crema De Lapte 600g,,Basarabia,,Sweets & Snacks,Sweets & Snacks,TRUE,Title,Default Title,,,,,,,,MAR-18800,600.011987,shopify,4,deny,manual,4.2,,TRUE,FALSE,,,,,,,,,FALSE,,,,lb,,,active
7-days-croissant-sampanie-80g-10370,7 Days Croissant Sampanie 80g,,Basarabia,,Sweets & Snacks,Sweets & Snacks,TRUE,Title,Default Title,,,,,,,,MAR-10370,80.01369407,shopify,20,deny,manual,0.8,,TRUE,FALSE,,,,,,,,,FALSE,,,,lb,,,active
7-days-croissant-peanut-80g-10369,7 Days Croissant Peanut 80g,,Basarabia,,Sweets & Snacks,Sweets & Snacks,TRUE,Title,Default Title,,,,,,,,MAR-10369,80.01369407,shopify,20,deny,manual,0.7,,TRUE,FALSE,,,,,,,,,FALSE,,,,lb,,,active
7-days-croissant-max-fr-de-padure-80g-13736,7 Days Croissant Max Fr De Padure 80g,,Basarabia,,Sweets & Snacks,Sweets & Snacks,TRUE,Title,Default Title,,,,,,,,MAR-13736,80.01369407,shopify,20,deny,manual,0.7,,TRUE,FALSE,,,,,,,,,FALSE,,,,lb,,,active
7-days-croissant-max-cacao-80g-10366,7 Days Croissant Max Cacao 80g,,Basarabia,,Sweets & Snacks,Sweets & Snacks,TRUE,Title,Default Title,,,,,,,,MAR-10366,80.01369407,shopify,20,deny,manual,0.7,,TRUE,FALSE,,,,,,,,,FALSE,,,,lb,,,active
7-days-croissant-hazelnut-80g-10367,7 Days Croissant Hazelnut 80g,,Basarabia,,Sweets & Snacks,Sweets & Snacks,TRUE,Title,Default Title,,,,,,,,MAR-10367,80.01369407,shopify,20,deny,manual,0.7,,TRUE,FALSE,,,,,,,,,FALSE,,,,lb,,,active
7-days-croissant-double-vanilla-cherry-10368,7 Days Croissant Double Vanilla Cherry,,Basarabia,,Sweets & Snacks,Sweets & Snacks,TRUE,Title,Default Title,,,,,,,,MAR-10368,0,shopify,20,deny,manual,0.8,,TRUE,FALSE,,,,,,,,,FALSE,,,,lb,,,active
7-days-croissant-double-vanila-strawberry-10372,7 Days Croissant Double Vanila Strawberry,,Basarabia,,Sweets & Snacks,Sweets & Snacks,TRUE,Title,Default Title,,,,,,,,MAR-10372,0,shopify,20,deny,manual,0.7,,TRUE,FALSE,,,,,,,,,FALSE,,,,lb,,,active
7-days-croissant-double-max-cacao-van-80g-10371,7 Days Croissant Double Max Cacao Van 80g,,Basarabia,,Sweets & Snacks,Sweets & Snacks,TRUE,Title,Default Title,,,,,,,,MAR-10371,80.01369407,shopify,20,deny,manual,0.7,,TRUE,FALSE,,,,,,,,,FALSE,,,,lb,,,active
7-days-croissant-double-cacao-coconut-80g-10373,7 Days Croissant Double Cacao Coconut 80g,,Basarabia,,Sweets & Snacks,Sweets & Snacks,TRUE,Title,Default Title,,,,,,,,MAR-10373,80.01369407,shopify,20,deny,manual,0.7,,TRUE,FALSE,,,,,,,,,FALSE,,,,lb,,,active
sifon-sifonescu-1-6l-16234,Sifon Sifonescu 1.6L,,Basarabia,,Soft Drinks,Soft Drinks,TRUE,Title,Default Title,,,,,,,,MAR-16234,0,shopify,12,deny,manual,2.7,,TRUE,TRUE,,,,,,,,,FALSE,,,,lb,,,active
santal-nectar-portocale-rosii-0-25l-15030,Santal Nectar Portocale Rosii 0.25L,,Basarabia,,Soft Drinks,Soft Drinks,TRUE,Title,Default Title,,,,,,,,MAR-15030,0,shopify,12,deny,manual,1.3,,TRUE,TRUE,,,,,,,,,FALSE,,,,lb,,,active
santal-nectar-portocale-0-25l-15029,Santal Nectar Portocale 0.25L,,Basarabia,,Soft Drinks,Soft Drinks,TRUE,Title,Default Title,,,,,,,,MAR-15029,0,shopify,12,deny,manual,1.7,,TRUE,TRUE,,,,,,,,,FALSE,,,,lb,,,active
santal-nectar-piersici-0-25l-15028,Santal Nectar Piersici 0.25L,,Basarabia,,Soft Drinks,Soft Drinks,TRUE,Title,Default Title,,,,,,,,MAR-15028,0,shopify,12,deny,manual,1.3,,TRUE,TRUE,,,,,,,,,FALSE,,,,lb,,,active
santal-nectar-mere-0-25l-18445,Santal Nectar Mere 0.25L,,Basarabia,,Soft Drinks,Soft Drinks,TRUE,Title,Default Title,,,,,,,,MAR-18445,0,shopify,12,deny,manual,1.2,,TRUE,TRUE,,,,,,,,,FALSE,,,,lb,,,active
santal-nectar-ananas-0-25l-18444,Santal Nectar Ananas 0.25L,,Basarabia,,Soft Drinks,Soft Drinks,TRUE,Title,Default Title,,,,,,,,MAR-18444,0,shopify,12,deny,manual,1.2,,TRUE,TRUE,,,,,,,,,FALSE,,,,lb,,,active
pepsi-retro-sticla-0-25l-15124,Pepsi Retro Sticla 0.25L,,Basarabia,,Soft Drinks,"price-match, Soft Drinks",TRUE,Title,Default Title,,,,,,,,MAR-15124,0,shopify,12,deny,manual,2.3,,TRUE,TRUE,,,,,,,,,FALSE,,,,lb,,,active
mona-200ml-11885,Mona 200ml,,Basarabia,,Soft Drinks,Soft Drinks,TRUE,Title,Default Title,,,,,,,,MAR-11885,0,shopify,12,deny,manual,2,,TRUE,TRUE,,,,,,,,,FALSE,,,,lb,,,active
haribo-happy-cola-sour-100g-17852,Haribo Happy-Cola Sour 100g,,Basarabia,,Soft Drinks,Soft Drinks,TRUE,Title,Default Title,,,,,,,,MAR-17852,100.0171176,shopify,24,deny,manual,1.5,,TRUE,TRUE,,,,,,,,,FALSE,,,,lb,,,active
haribo-happy-cola-80g-17856,Haribo Happy Cola 80g,,Basarabia,,Soft Drinks,Soft Drinks,TRUE,Title,Default Title,,,,,,,,MAR-17856,80.01369407,shopify,30,deny,manual,1.3,,TRUE,TRUE,,,,,,,,,FALSE,,,,lb,,,active
giusto-tropical-ns-2l-11921,Giusto Tropical Ns 2L,,Basarabia,,Soft Drinks,Soft Drinks,TRUE,Title,Default Title,,,,,,,,MAR-11921,0,shopify,4,deny,manual,2.9,,TRUE,TRUE,,,,,,,,,FALSE,,,,lb,,,active
giusto-portocale-ns-2l-11924,Giusto Portocale Ns 2L,,Basarabia,,Soft Drinks,Soft Drinks,TRUE,Title,Default Title,,,,,,,,MAR-11924,0,shopify,4,deny,manual,2.9,,TRUE,TRUE,,,,,,,,,FALSE,,,,lb,,,active
giusto-piersica-ns-2l-11926,Giusto Piersica Ns 2L,,Basarabia,,Soft Drinks,Soft Drinks,TRUE,Title,Default Title,,,,,,,,MAR-11926,0,shopify,4,deny,manual,2.9,,TRUE,TRUE,,,,,,,,,FALSE,,,,lb,,,active
giusto-pere-ns-2l-11925,Giusto Pere Ns 2L,,Basarabia,,Soft Drinks,Soft Drinks,TRUE,Title,Default Title,,,,,,,,MAR-11925,0,shopify,4,deny,manual,2.9,,TRUE,TRUE,,,,,,,,,FALSE,,,,lb,,,active
giusto-mere-verzi-ns-2l-11927,Giusto Mere Verzi Ns 2L,,Basarabia,,Soft Drinks,Soft Drinks,TRUE,Title,Default Title,,,,,,,,MAR-11927,0,shopify,4,deny,manual,2.9,,TRUE,TRUE,,,,,,,,,FALSE,,,,lb,,,active
giusto-capsuni-banane-ns-2l-11922,Giusto Capsuni Banane Ns 2L,,Basarabia,,Soft Drinks,Soft Drinks,TRUE,Title,Default Title,,,,,,,,MAR-11922,0,shopify,4,deny,manual,2.9,,TRUE,TRUE,,,,,,,,,FALSE,,,,lb,,,active
giusto-ananas-ns-2l-11920,Giusto Ananas Ns 2L,,Basarabia,,Soft Drinks,Soft Drinks,TRUE,Title,Default Title,,,,,,,,MAR-11920,0,shopify,4,deny,manual,2.9,,TRUE,TRUE,,,,,,,,,FALSE,,,,lb,,,active
frutti-fresh-tutti-frutti-0-5l-11892,Frutti Fresh Tutti Frutti 0.5L,,Basarabia,,Soft Drinks,Soft Drinks,TRUE,Title,Default Title,,,,,,,,MAR-11892,0,shopify,12,deny,manual,0.7,,TRUE,TRUE,,,,,,,,,FALSE,,,,lb,,,active
frutti-fresh-portocale-0-5l-11890,Frutti Fresh Portocale 0.5L,,Basarabia,,Soft Drinks,Soft Drinks,TRUE,Title,Default Title,,,,,,,,MAR-11890,0,shopify,12,deny,manual,0.7,,TRUE,TRUE,,,,,,,,,FALSE,,,,lb,,,active
frutti-fresh-pere-0-5l-11897,Frutti Fresh Pere 0.5L,,Basarabia,,Soft Drinks,Soft Drinks,TRUE,Title,Default Title,,,,,,,,MAR-11897,0,shopify,12,deny,manual,0.7,,TRUE,TRUE,,,,,,,,,FALSE,,,,lb,,,active
frutti-fresh-grefe-0-5l-11894,Frutti Fresh Grefe 0.5L,,Basarabia,,Soft Drinks,Soft Drinks,TRUE,Title,Default Title,,,,,,,,MAR-11894,0,shopify,12,deny,manual,0.7,,TRUE,TRUE,,,,,,,,,FALSE,,,,lb,,,active
figa-fiori-di-guarana-fruit-fusion-st-275ml-18793,Figa Fiori Di Guarana Fruit Fusion St 275ml,,Basarabia,,Soft Drinks,Soft Drinks,TRUE,Title,Default Title,,,,,,,,MAR-18793,0,shopify,12,deny,manual,3,,TRUE,TRUE,,,,,,,,,FALSE,,,,lb,,,active
figa-fiori-di-guarana-fruit-fusion-light-st-275ml-18794,Figa Fiori Di Guarana Fruit Fusion Light St 275ml,,Basarabia,,Soft Drinks,Soft Drinks,TRUE,Title,Default Title,,,,,,,,MAR-18794,0,shopify,12,deny,manual,2.8,,TRUE,TRUE,,,,,,,,,FALSE,,,,lb,,,active
croco-sticks-crema-ciocolata-80g-17448,Croco Sticks Crema Ciocolata 80g,,Basarabia,,Soft Drinks,Soft Drinks,TRUE,Title,Default Title,,,,,,,,MAR-17448,80.01369407,shopify,42,deny,manual,0.6,,TRUE,FALSE,,,,,,,,,FALSE,,,,lb,,,active
coca-cola-dz-0-33l-10726,Coca Cola Dz 0.33L,,Basarabia,,Soft Drinks,"price-match, Soft Drinks",TRUE,Title,Default Title,,,,,,,,MAR-10726,0,shopify,24,deny,manual,0.8,,TRUE,TRUE,,,,,,,,,FALSE,,,,lb,,,active
borsec-apa-plata-2l-11917,Borsec Apa Plata 2L,,Basarabia,,Soft Drinks,"price-match, Soft Drinks",TRUE,Title,Default Title,,,,,,,,MAR-11917,0,shopify,12,deny,manual,1.3,,TRUE,TRUE,,,,,,,,,FALSE,,,,lb,,,active
boromir-tort-ciocolata-600g-18799,Boromir Tort Ciocolata 600g,,Basarabia,,Soft Drinks,Soft Drinks,TRUE,Title,Default Title,,,,,,,,MAR-18799,600.011987,shopify,4,deny,manual,5.9,,TRUE,FALSE,,,,,,,,,FALSE,,,,lb,,,active
boromir-cozonac-duo-fino-fistic-si-ciocolata-lapte-18438,Boromir Cozonac Duo Fino Fistic Si Ciocolata Lapte,,Basarabia,,Soft Drinks,Soft Drinks,TRUE,Title,Default Title,,,,,,,,MAR-18438,0,shopify,90,deny,manual,2.9,,TRUE,FALSE,,,,,,,,,FALSE,,,,lb,,,active
biskrem-cacao-crema-ciocolata-intense-160g-13440,Biskrem Cacao Crema Ciocolata Intense 160g,,Basarabia,,Soft Drinks,Soft Drinks,TRUE,Title,Default Title,,,,,,,,MAR-13440,159.9820289,shopify,12,deny,manual,1.3,,TRUE,FALSE,,,,,,,,,FALSE,,,,lb,,,active
aqua-carpatica-plata-0-5l-11946,Aqua Carpatica Plata 0.5L,,Basarabia,,Soft Drinks,Soft Drinks,TRUE,Title,Default Title,,,,,,,,MAR-11946,0,shopify,24,deny,manual,0.8,,TRUE,TRUE,,,,,,,,,FALSE,,,,lb,,,active
aqua-carpatica-minerala-1-5l-11948,Aqua Carpatica Minerala 1.5L,,Basarabia,,Soft Drinks,Soft Drinks,TRUE,Title,Default Title,,,,,,,,MAR-11948,0,shopify,12,deny,manual,1.4,,TRUE,TRUE,,,,,,,,,FALSE,,,,lb,,,active
aqua-carpatica-apa-plata-kids-0-25l-10769,Aqua Carpatica Apa Plata Kids 0.25L,,Basarabia,,Soft Drinks,"price-match, Soft Drinks",TRUE,Title,Default Title,,,,,,,,MAR-10769,0,shopify,24,deny,manual,0.7,,TRUE,TRUE,,,,,,,,,FALSE,,,,lb,,,active
santal-nectar-cirese-0-25l-15026,Santal Nectar Cirese 0.25L,,Basarabia,,Soft Drinks,Soft Drinks,TRUE,Title,Default Title,,,,,,,,MAR-15026,0,shopify,12,deny,manual,0.7,,TRUE,TRUE,,,,,,,,,FALSE,,,,lb,,,active
frutti-fresh-portocale-2l-11891,Frutti Fresh Portocale 2L,,Basarabia,,Soft Drinks,Soft Drinks,TRUE,Title,Default Title,,,,,,,,MAR-11891,0,shopify,12,deny,manual,1.1,,TRUE,TRUE,,,,,,,,,FALSE,,,,lb,,,active
frutti-fresh-piersica-2l-11899,Frutti Fresh Piersica 2L,,Basarabia,,Soft Drinks,Soft Drinks,TRUE,Title,Default Title,,,,,,,,MAR-11899,0,shopify,12,deny,manual,1.1,,TRUE,TRUE,,,,,,,,,FALSE,,,,lb,,,active
frutti-fresh-pere-2l-11898,Frutti Fresh Pere 2L,,Basarabia,,Soft Drinks,Soft Drinks,TRUE,Title,Default Title,,,,,,,,MAR-11898,0,shopify,12,deny,manual,1.1,,TRUE,TRUE,,,,,,,,,FALSE,,,,lb,,,active
frutti-fresh-grefe-2l-11895,Frutti Fresh Grefe 2L,,Basarabia,,Soft Drinks,Soft Drinks,TRUE,Title,Default Title,,,,,,,,MAR-11895,0,shopify,12,deny,manual,1.1,,TRUE,TRUE,,,,,,,,,FALSE,,,,lb,,,active
coca-cola-0-5l-10766,Coca Cola 0.5L,,Basarabia,,Soft Drinks,"price-match, Soft Drinks",TRUE,Title,Default Title,,,,,,,,MAR-10766,0,shopify,12,deny,manual,1.3,,TRUE,TRUE,,,,,,,,,FALSE,,,,lb,,,active
viva-migdale-coapte-si-sarate-135g-18828,Viva Migdale Coapte Si Sarate 135g,,Basarabia,,Seeds & Nuts,Seeds & Nuts,TRUE,Title,Default Title,,,,,,,,MAR-18828,134.9890893,shopify,12,deny,manual,3.8,,TRUE,TRUE,,,,,,,,,FALSE,,,,lb,,,active
viva-fistic-copt-si-sarat-135g-18830,Viva Fistic Copt Si Sarat 135g,,Basarabia,,Seeds & Nuts,Seeds & Nuts,TRUE,Title,Default Title,,,,,,,,MAR-18830,134.9890893,shopify,12,deny,manual,3.8,,TRUE,TRUE,,,,,,,,,FALSE,,,,lb,,,active
viva-caju-copt-si-sarat-135g-18829,Viva Caju Copt Si Sarat 135g,,Basarabia,,Seeds & Nuts,Seeds & Nuts,TRUE,Title,Default Title,,,,,,,,MAR-18829,134.9890893,shopify,12,deny,manual,3.7,,TRUE,TRUE,,,,,,,,,FALSE,,,,lb,,,active
tadim-seminte-sare-155g-18294,Tadim Seminte Sare 155g,,Basarabia,,Seeds & Nuts,Seeds & Nuts,TRUE,Title,Default Title,,,,,,,,MAR-18294,154.9925128,shopify,12,deny,manual,2.4,,TRUE,FALSE,,,,,,,,,FALSE,,,,lb,,,active
tadim-seminte-extra-sare-155g-18293,Tadim Seminte Extra Sare 155g,,Basarabia,,Seeds & Nuts,Seeds & Nuts,TRUE,Title,Default Title,,,,,,,,MAR-18293,154.9925128,shopify,12,deny,manual,2.4,,TRUE,FALSE,,,,,,,,,FALSE,,,,lb,,,active
tadim-seminte-de-dovleac-40g-15945,Tadim Seminte De Dovleac 40g,,Basarabia,,Seeds & Nuts,Seeds & Nuts,TRUE,Title,Default Title,,,,,,,,MAR-15945,40.00684703,shopify,22,deny,manual,1.1,,TRUE,FALSE,,,,,,,,,FALSE,,,,lb,,,active
nutline-seminte-pestrite-xxl-135g-18586,Nutline Seminte Pestrite Xxl 135g,,Basarabia,,Seeds & Nuts,Seeds & Nuts,TRUE,Title,Default Title,,,,,,,,MAR-18586,134.9890893,shopify,20,deny,manual,1.8,,TRUE,FALSE,,,,,,,,,FALSE,,,,lb,,,active
nutline-seminte-pestrite-c-s-300g-10434,Nutline Seminte Pestrite C S 300g,,Basarabia,,Seeds & Nuts,Seeds & Nuts,TRUE,Title,Default Title,,,,,,,,MAR-10434,300.0059935,shopify,18,deny,manual,2.4,,TRUE,FALSE,,,,,,,,,FALSE,,,,lb,,,active
nutline-seminte-pestrite-c-s-100g-10429,Nutline Seminte Pestrite C S 100g,,Basarabia,,Seeds & Nuts,Seeds & Nuts,TRUE,Title,Default Title,,,,,,,,MAR-10429,100.0171176,shopify,12,deny,manual,1.2,,TRUE,FALSE,,,,,,,,,FALSE,,,,lb,,,active
nutline-seminte-negre-f-s-40g-10432,Nutline Seminte Negre F S 40g,,Basarabia,,Seeds & Nuts,Seeds & Nuts,TRUE,Title,Default Title,,,,,,,,MAR-10432,40.00684703,shopify,18,deny,manual,0.4,,TRUE,FALSE,,,,,,,,,FALSE,,,,lb,,,active
nutline-seminte-negre-f-s-300g-10435,Nutline Seminte Negre F S 300g,,Basarabia,,Seeds & Nuts,Seeds & Nuts,TRUE,Title,Default Title,,,,,,,,MAR-10435,300.0059935,shopify,18,deny,manual,2.4,,TRUE,FALSE,,,,,,,,,FALSE,,,,lb,,,active
nutline-seminte-negre-f-s-100g-10426,Nutline Seminte Negre F S 100g,,Basarabia,,Seeds & Nuts,Seeds & Nuts,TRUE,Title,Default Title,,,,,,,,MAR-10426,100.0171176,shopify,12,deny,manual,1.1,,TRUE,FALSE,,,,,,,,,FALSE,,,,lb,,,active
nutline-seminte-negre-c-s-100g-10427,Nutline Seminte Negre C S 100g,,Basarabia,,Seeds & Nuts,Seeds & Nuts,TRUE,Title,Default Title,,,,,,,,MAR-10427,100.0171176,shopify,12,deny,manual,1.1,,TRUE,FALSE,,,,,,,,,FALSE,,,,lb,,,active
nutline-arahide-prajite-135g-11581,Nutline Arahide Prajite 135g,,Basarabia,,Seeds & Nuts,Seeds & Nuts,TRUE,Title,Default Title,,,,,,,,MAR-11581,134.9890893,shopify,6,deny,manual,3.7,,TRUE,TRUE,,,,,,,,,FALSE,,,,lb,,,active
lotto-pizza-35g-10163,Lotto Pizza 35g,,Basarabia,,Seeds & Nuts,Seeds & Nuts,TRUE,Title,Default Title,,,,,,,,MAR-10163,35.01733096,shopify,40,deny,manual,0.4,,TRUE,FALSE,,,,,,,,,FALSE,,,,lb,,,active
lotto-peanuts-90g-10167,Lotto Peanuts 90g,,Basarabia,,Seeds & Nuts,Seeds & Nuts,TRUE,Title,Default Title,,,,,,,,MAR-10167,89.99272621,shopify,24,deny,manual,1,,TRUE,FALSE,,,,,,,,,FALSE,,,,lb,,,active
lotto-mega-nuts-60g-18827,Lotto Mega Nuts 60g,,Basarabia,,Seeds & Nuts,Seeds & Nuts,TRUE,Title,Default Title,,,,,,,,MAR-18827,60.01027055,shopify,25,deny,manual,0.6,,TRUE,FALSE,,,,,,,,,FALSE,,,,lb,,,active
harley-alune-coaja-70g-11753,Harley Alune Coaja 70g,,Basarabia,,Seeds & Nuts,Seeds & Nuts,TRUE,Title,Default Title,,,,,,,,MAR-11753,69.98930269,shopify,30,deny,manual,0.7,,TRUE,TRUE,,,,,,,,,FALSE,,,,lb,,,active
happy-nuci-rom-500g-12204,Happy Nuci Rom 500g,,Basarabia,,Seeds & Nuts,Seeds & Nuts,TRUE,Title,Default Title,,,,,,,,MAR-12204,499.9948695,shopify,9,deny,manual,4.7,,TRUE,FALSE,,,,,,,,,FALSE,,,,lb,,,active
gold-arahide-rosii-copate-si-sarate-250g-18594,Gold Arahide Rosii Copate Si Sarate 250g,,Basarabia,,Seeds & Nuts,Seeds & Nuts,TRUE,Title,Default Title,,,,,,,,MAR-18594,250.0201143,shopify,12,deny,manual,2.2,,TRUE,TRUE,,,,,,,,,FALSE,,,,lb,,,active
gilly-gold-seminte-negre-sare-100g-12114,Gilly Gold Seminte Negre Sare 100g,,Basarabia,,Seeds & Nuts,Seeds & Nuts,TRUE,Title,Default Title,,,,,,,,MAR-12114,100.0171176,shopify,30,deny,manual,0.5,,TRUE,FALSE,,,,,,,,,FALSE,,,,lb,,,active
gilly-gold-seminte-negre-fara-sare-180g-12113,Gilly Gold Seminte Negre Fara Sare 180g,,Basarabia,,Seeds & Nuts,Seeds & Nuts,TRUE,Title,Default Title,,,,,,,,MAR-12113,179.9854524,shopify,20,deny,manual,1,,TRUE,FALSE,,,,,,,,,FALSE,,,,lb,,,active
best-miez-seminte-100g-10350,Best Miez Seminte 100g,,Basarabia,,Seeds & Nuts,Seeds & Nuts,TRUE,Title,Default Title,,,,,,,,MAR-10350,100.0171176,shopify,24,deny,manual,0.9,,TRUE,TRUE,,,,,,,,,FALSE,,,,lb,,,active
banzai-seminte-dovleac-sare-80g-18134,Banzai Seminte Dovleac Sare 80g,,Basarabia,,Seeds & Nuts,Seeds & Nuts,TRUE,Title,Default Title,,,,,,,,MAR-18134,80.01369407,shopify,12,deny,manual,1.3,,TRUE,FALSE,,,,,,,,,FALSE,,,,lb,,,active
nutline-seminte-albe-usor-sarate-100g-10423,Nutline Seminte Albe Usor Sarate 100g,,Basarabia,,Seeds & Nuts,Seeds & Nuts,TRUE,Title,Default Title,,,,,,,,MAR-10423,100.0171176,shopify,12,deny,manual,1.5,,TRUE,FALSE,,,,,,,,,FALSE,,,,lb,,,active
best-seminte-negre-fara-sare-1kg-12702,Best Seminte Negre Fara Sare 1kg,,Basarabia,,Seeds & Nuts,Seeds & Nuts,TRUE,Title,Default Title,,,,,,,,MAR-12702,999.9897389,shopify,8,deny,manual,3.5,,TRUE,FALSE,,,,,,,,,FALSE,,,,lb,,,active
best-seminte-negre-cu-sare-1kg-1kg-12703,Best Seminte Negre Cu Sare 1kg 1kg,,Basarabia,,Seeds & Nuts,Seeds & Nuts,TRUE,Title,Default Title,,,,,,,,MAR-12703,999.9897389,shopify,8,deny,manual,3.5,,TRUE,FALSE,,,,,,,,,FALSE,,,,lb,,,active
best-seminte-f-s-200g-10172,Best Seminte F S 200g,,Basarabia,,Seeds & Nuts,Seeds & Nuts,TRUE,Title,Default Title,,,,,,,,MAR-10172,199.9888759,shopify,12,deny,manual,1.1,,TRUE,FALSE,,,,,,,,,FALSE,,,,lb,,,active
best-seminte-c-s-200g-10173,Best Seminte C S 200g,,Basarabia,,Seeds & Nuts,Seeds & Nuts,TRUE,Title,Default Title,,,,,,,,MAR-10173,199.9888759,shopify,12,deny,manual,1.1,,TRUE,FALSE,,,,,,,,,FALSE,,,,lb,,,active
szekely-pate-mangalita-175g-18891,Szekely Pate Mangalita 175g,,Basarabia,,Meat Products,Meat Products,TRUE,Title,Default Title,,,,,,,,MAR-18891,174.9959363,shopify,6,deny,manual,3.6,,TRUE,FALSE,,,,,,,,,FALSE,,,,lb,,,active
sultan-salam-biscuiti-700g-16765,Sultan Salam Biscuiti 700g,,Basarabia,,Meat Products,Meat Products,TRUE,Title,Default Title,,,,,,,,MAR-16765,699.9837454,shopify,6,deny,manual,4.5,,TRUE,FALSE,,,,,,,,,FALSE,,,,lb,,,active
happy-salam-biscuiti-600g-12206,Happy Salam Biscuiti 600g,,Basarabia,,Meat Products,Meat Products,TRUE,Title,Default Title,,,,,,,,MAR-12206,600.011987,shopify,9,deny,manual,3.6,,TRUE,FALSE,,,,,,,,,FALSE,,,,lb,,,active
happy-salam-biscuiti-120g-17381,Happy Salam Biscuiti 120g,,Basarabia,,Meat Products,Meat Products,TRUE,Title,Default Title,,,,,,,,MAR-17381,120.0205411,shopify,30,deny,manual,0.6,,TRUE,FALSE,,,,,,,,,FALSE,,,,lb,,,active
camara-lui-enache-soric-copt-sul-0-4kg-25-box-13618,Camara Lui Enache Soric Copt Sul 0.4kg 25/Box,,Basarabia,,Meat Products,Meat Products,TRUE,Title,Default Title,,,,,,,,MAR-13618,399.9777519,shopify,5,deny,manual,9.4,,TRUE,FALSE,,,,,,,,,FALSE,,,,lb,,,active
camara-lui-enache-burta-de-vita-4kg-18824,Camara Lui Enache Burta De Vita 4kg,,Basarabia,,Meat Products,Meat Products,TRUE,Title,Default Title,,,,,,,,MAR-18824,4000.004315,shopify,2,deny,manual,17.5,,TRUE,FALSE,,,,,,,,,FALSE,,,,lb,,,active
banat-bun-aripi-pui-cu-os-si-piele-tv-1kg-18295,Banat Bun Aripi Pui Cu Os Si Piele Tv 1kg,,Basarabia,,Meat Products,Meat Products,TRUE,Title,Default Title,,,,,,,,MAR-18295,999.9897389,shopify,5,deny,manual,3.3,,TRUE,FALSE,,,,,,,,,FALSE,,,,lb,,,active
accasa-salam-biscuiti-300g-11785,Accasa Salam Biscuiti 300g,,Basarabia,,Meat Products,Meat Products,TRUE,Title,Default Title,,,,,,,,MAR-11785,300.0059935,shopify,8,deny,manual,1.8,,TRUE,FALSE,,,,,,,,,FALSE,,,,lb,,,active
accasa-salam-biscuiti-80g-11787,Accasa Salam Biscuiti 80g,,Basarabia,,Meat Products,Meat Products,TRUE,Title,Default Title,,,,,,,,MAR-11787,80.01369407,shopify,14,deny,manual,0.6,,TRUE,FALSE,,,,,,,,,FALSE,,,,lb,,,active
viva-musli-400g-18842,Viva Musli 400g,,Basarabia,,General Products,General Products,TRUE,Title,Default Title,,,,,,,,MAR-18842,399.9777519,shopify,9,deny,manual,2.3,,TRUE,FALSE,,,,,,,,,FALSE,,,,lb,,,active
viva-granola-honey-oats-300g-18415,Viva Granola Honey Oats 300g,,Basarabia,,General Products,General Products,TRUE,Title,Default Title,,,,,,,,MAR-18415,300.0059935,shopify,9,deny,manual,2.7,,TRUE,FALSE,,,,,,,,,FALSE,,,,lb,,,active
viva-duo-mix-de-cereale-cacao-si-vanilie-250g-17189,Viva Duo Mix De Cereale Cacao Si Vanilie 250g,,Basarabia,,General Products,General Products,TRUE,Title,Default Title,,,,,,,,MAR-17189,250.0201143,shopify,12,deny,manual,1.5,,TRUE,FALSE,,,,,,,,,FALSE,,,,lb,,,active
viva-corn-flakes-250g-15451,Viva Corn Flakes 250g,,Basarabia,,General Products,General Products,TRUE,Title,Default Title,,,,,,,,MAR-15451,250.0201143,shopify,12,deny,manual,1.1,,TRUE,FALSE,,,,,,,,,FALSE,,,,lb,,,active
univer-ketchup-dulce-flacon-470g-14005,Univer Ketchup Dulce Flacon 470g,,Basarabia,,General Products,General Products,TRUE,Title,Default Title,,,,,,,,MAR-14005,470.0124138,shopify,12,deny,manual,2,,TRUE,FALSE,,,,,,,,,FALSE,,,,lb,,,active
tomi-ketchup-dulce-500g-14921,Tomi Ketchup Dulce 500g,,Basarabia,,General Products,General Products,TRUE,Title,Default Title,,,,,,,,MAR-14921,499.9948695,shopify,10,deny,manual,1.7,,TRUE,FALSE,,,,,,,,,FALSE,,,,lb,,,active
tomi-ketchup-dulce-350g-14683,Tomi Ketchup Dulce 350g,,Basarabia,,General Products,General Products,TRUE,Title,Default Title,,,,,,,,MAR-14683,349.9918727,shopify,10,deny,manual,1.4,,TRUE,FALSE,,,,,,,,,FALSE,,,,lb,,,active
sare-gema-maruntita-2kg-15354,Sare Gema Maruntita 2kg,,Basarabia,,General Products,"General Products, price-match",TRUE,Title,Default Title,,,,,,,,MAR-15354,1999.979478,shopify,20,deny,manual,1.3,,TRUE,FALSE,,,,,,,,,FALSE,,,,lb,,,active
rose-sweet-tornado-mix-cup-sbox-12pcs-17605,Rose Sweet Tornado Mix Cup Sbox (12Pcs),,Basarabia,,General Products,General Products,TRUE,Title,Default Title,,,,,,,,MAR-17605,0,shopify,1,deny,manual,30.2,,TRUE,TRUE,,,,,,,,,FALSE,,,,lb,,,active
regal-otet-1l-11369,Regal Otet 1L,,Basarabia,,General Products,"General Products, price-match",TRUE,Title,Default Title,,,,,,,,MAR-11369,0,shopify,12,deny,manual,1.1,,TRUE,FALSE,,,,,,,,,FALSE,,,,lb,,,active
regal-ketchup-picant-450g-11362,Regal Ketchup Picant 450g,,Basarabia,,General Products,General Products,TRUE,Title,Default Title,,,,,,,,MAR-11362,450.0089903,shopify,6,deny,manual,1.5,,TRUE,FALSE,,,,,,,,,FALSE,,,,lb,,,active
regal-ketchup-dulce-450g-11361,Regal Ketchup Dulce 450g,,Basarabia,,General Products,General Products,TRUE,Title,Default Title,,,,,,,,MAR-11361,450.0089903,shopify,6,deny,manual,1.5,,TRUE,FALSE,,,,,,,,,FALSE,,,,lb,,,active
raureni-sirop-zmeura-500ml-10895,Raureni Sirop Zmeura 500ml,,Basarabia,,General Products,General Products,TRUE,Title,Default Title,,,,,,,,MAR-10895,0,shopify,8,deny,manual,3.5,,TRUE,TRUE,,,,,,,,,FALSE,,,,lb,,,active
raureni-sirop-visine-500ml-10891,Raureni Sirop Visine 500ml,,Basarabia,,General Products,General Products,TRUE,Title,Default Title,,,,,,,,MAR-10891,0,shopify,8,deny,manual,3.5,,TRUE,TRUE,,,,,,,,,FALSE,,,,lb,,,active
raureni-sirop-soc-lamaie-500ml-18527,Raureni Sirop Soc Lamaie 500ml,,Basarabia,,General Products,General Products,TRUE,Title,Default Title,,,,,,,,MAR-18527,0,shopify,8,deny,manual,3.5,,TRUE,TRUE,,,,,,,,,FALSE,,,,lb,,,active
raureni-sirop-capsuni-500ml-10892,Raureni Sirop Capsuni 500ml,,Basarabia,,General Products,General Products,TRUE,Title,Default Title,,,,,,,,MAR-10892,0,shopify,8,deny,manual,3.5,,TRUE,TRUE,,,,,,,,,FALSE,,,,lb,,,active
raureni-sirop-afine-500ml-10914,Raureni Sirop Afine 500ml,,Basarabia,,General Products,General Products,TRUE,Title,Default Title,,,,,,,,MAR-10914,0,shopify,8,deny,manual,3.5,,TRUE,TRUE,,,,,,,,,FALSE,,,,lb,,,active
raureni-bors-1l-10932,Raureni Bors 1L,,Basarabia,,General Products,General Products,TRUE,Title,Default Title,,,,,,,,MAR-10932,0,shopify,12,deny,manual,1.4,,TRUE,FALSE,,,,,,,,,FALSE,,,,lb,,,active
plafar-sirop-pin-si-propolis-500ml-15574,Plafar Sirop Pin Si Propolis 500ml,,Basarabia,,General Products,General Products,TRUE,Title,Default Title,,,,,,,,MAR-15574,0,shopify,6,deny,manual,4.3,,TRUE,FALSE,,,,,,,,,FALSE,,,,lb,,,active
plafar-sirop-muguri-pin-500ml-15575,Plafar Sirop Muguri Pin 500ml,,Basarabia,,General Products,General Products,TRUE,Title,Default Title,,,,,,,,MAR-15575,0,shopify,6,deny,manual,4.2,,TRUE,FALSE,,,,,,,,,FALSE,,,,lb,,,active
plafar-sirop-macese-si-propolis-500ml-15573,Plafar Sirop Macese Si Propolis 500ml,,Basarabia,,General Products,General Products,TRUE,Title,Default Title,,,,,,,,MAR-15573,0,shopify,6,deny,manual,5.3,,TRUE,FALSE,,,,,,,,,FALSE,,,,lb,,,active
plafar-sirop-catina-si-propolis-500ml-15571,Plafar Sirop Catina Si Propolis 500ml,,Basarabia,,General Products,General Products,TRUE,Title,Default Title,,,,,,,,MAR-15571,0,shopify,6,deny,manual,4.2,,TRUE,FALSE,,,,,,,,,FALSE,,,,lb,,,active
plafar-sirop-brad-echinaceea-si-propolis-500ml-15572,Plafar Sirop Brad Echinaceea Si Propolis 500ml,,Basarabia,,General Products,General Products,TRUE,Title,Default Title,,,,,,,,MAR-15572,0,shopify,6,deny,manual,4.2,,TRUE,FALSE,,,,,,,,,FALSE,,,,lb,,,active
olympia-otet-1l-11621,Olympia Otet 1L,,Basarabia,,General Products,"General Products, price-match",TRUE,Title,Default Title,,,,,,,,MAR-11621,0,shopify,12,deny,manual,0.9,,TRUE,FALSE,,,,,,,,,FALSE,,,,lb,,,active
olympia-mustar-dulce-300g-11641,Olympia Mustar Dulce 300g,,Basarabia,,General Products,General Products,TRUE,Title,Default Title,,,,,,,,MAR-11641,300.0059935,shopify,6,deny,manual,1,,TRUE,FALSE,,,,,,,,,FALSE,,,,lb,,,active
olympia-mustar-clasic-500g-11622,Olympia Mustar Clasic 500g,,Basarabia,,General Products,General Products,TRUE,Title,Default Title,,,,,,,,MAR-11622,499.9948695,shopify,6,deny,manual,1.6,,TRUE,FALSE,,,,,,,,,FALSE,,,,lb,,,active
olympia-mustar-clasic-300g-11618,Olympia Mustar Clasic 300g,,Basarabia,,General Products,General Products,TRUE,Title,Default Title,,,,,,,,MAR-11618,300.0059935,shopify,6,deny,manual,1,,TRUE,FALSE,,,,,,,,,FALSE,,,,lb,,,active
olympia-mustar-boabe-300g-11650,Olympia Mustar Boabe 300g,,Basarabia,,General Products,General Products,TRUE,Title,Default Title,,,,,,,,MAR-11650,300.0059935,shopify,6,deny,manual,1.2,,TRUE,FALSE,,,,,,,,,FALSE,,,,lb,,,active
olympia-maioneza-usturoi-480g-11629,Olympia Maioneza Usturoi 480g,,Basarabia,,General Products,General Products,TRUE,Title,Default Title,,,,,,,,MAR-11629,479.9914459,shopify,6,deny,manual,2,,TRUE,FALSE,,,,,,,,,FALSE,,,,lb,,,active
olympia-maioneza-mustar-480g-11630,Olympia Maioneza Mustar 480g,,Basarabia,,General Products,General Products,TRUE,Title,Default Title,,,,,,,,MAR-11630,479.9914459,shopify,6,deny,manual,2,,TRUE,FALSE,,,,,,,,,FALSE,,,,lb,,,active
olympia-maioneza-clasica-480g-11628,Olympia Maioneza Clasica 480g,,Basarabia,,General Products,General Products,TRUE,Title,Default Title,,,,,,,,MAR-11628,479.9914459,shopify,6,deny,manual,2,,TRUE,FALSE,,,,,,,,,FALSE,,,,lb,,,active
olympia-bors-st-750ml-11643,Olympia Bors St 750ml,,Basarabia,,General Products,General Products,TRUE,Title,Default Title,,,,,,,,MAR-11643,0,shopify,6,deny,manual,1.2,,TRUE,FALSE,,,,,,,,,FALSE,,,,lb,,,active
olympia-bors-leustean-1l-11652,Olympia Bors Leustean 1L,,Basarabia,,General Products,General Products,TRUE,Title,Default Title,,,,,,,,MAR-11652,0,shopify,6,deny,manual,0.7,,TRUE,FALSE,,,,,,,,,FALSE,,,,lb,,,active
olympia-bors-bidon-1l-11640,Olympia Bors Bidon 1L,,Basarabia,,General Products,General Products,TRUE,Title,Default Title,,,,,,,,MAR-11640,0,shopify,6,deny,manual,0.7,,TRUE,FALSE,,,,,,,,,FALSE,,,,lb,,,active
mangal-bbq-charcoal-2-5kg-12244,Mangal/Bbq Charcoal 2.5kg,,Basarabia,,General Products,General Products,TRUE,Title,Default Title,,,,,,,,MAR-12244,2500.019706,shopify,10,deny,manual,5,,TRUE,TRUE,,,,,,,,,FALSE,,,,lb,,,active
la-minut-mustar-masa-300g-11672,La Minut Mustar Masa 300g,,Basarabia,Uncategorized,General Products,General Products,TRUE,Title,Default Title,,,,,,,,MAR-11672,300.0059935,shopify,8,deny,manual,1.1,,TRUE,FALSE,,,,,,,,,FALSE,,,,lb,,,active
la-minut-mustar-masa-490g-11679,La Minut Mustar Masa 490g,,Basarabia,,General Products,General Products,TRUE,Title,Default Title,,,,,,,,MAR-11679,490.0158373,shopify,10,deny,manual,2,,TRUE,FALSE,,,,,,,,,FALSE,,,,lb,,,active
la-minut-mustar-dulce-480g-11680,La Minut Mustar Dulce 480g,,Basarabia,,General Products,General Products,TRUE,Title,Default Title,,,,,,,,MAR-11680,479.9914459,shopify,10,deny,manual,2,,TRUE,FALSE,,,,,,,,,FALSE,,,,lb,,,active
la-minut-mustar-barosanul-masa-425g-13260,La Minut Mustar Barosanul Masa 425g,,Basarabia,,General Products,General Products,TRUE,Title,Default Title,,,,,,,,MAR-13260,425.0160507,shopify,8,deny,manual,1.7,,TRUE,FALSE,,,,,,,,,FALSE,,,,lb,,,active
la-minut-mustar-barosanul-dulce-425g-15877,La Minut Mustar Barosanul Dulce 425g,,Basarabia,,General Products,General Products,TRUE,Title,Default Title,,,,,,,,MAR-15877,425.0160507,shopify,8,deny,manual,1.7,,TRUE,FALSE,,,,,,,,,FALSE,,,,lb,,,active
la-minut-lux-mustar-dulce-300g-18825,La Minut Lux Mustar Dulce 300g,,Basarabia,,General Products,General Products,TRUE,Title,Default Title,,,,,,,,MAR-18825,300.0059935,shopify,16,deny,manual,1.4,,TRUE,FALSE,,,,,,,,,FALSE,,,,lb,,,active
la-minut-lux-mustar-clasic-300g-18826,La Minut Lux Mustar Clasic 300g,,Basarabia,,General Products,General Products,TRUE,Title,Default Title,,,,,,,,MAR-18826,300.0059935,shopify,16,deny,manual,1.4,,TRUE,FALSE,,,,,,,,,FALSE,,,,lb,,,active
grania-faina-prajituri-1kg-11041,Grania Faina Prajituri 1kg,,Basarabia,,General Products,"General Products, price-match",TRUE,Title,Default Title,,,,,,,,MAR-11041,999.9897389,shopify,10,deny,manual,0.9,,TRUE,FALSE,,,,,,,,,FALSE,,,,lb,,,active
enache-malai-negru-1kg-12085,Enache Malai Negru 1kg,,Basarabia,,General Products,"General Products, price-match",TRUE,Title,Default Title,,,,,,,,MAR-12085,999.9897389,shopify,20,deny,manual,1.3,,TRUE,FALSE,,,,,,,,,FALSE,,,,lb,,,active
dorivi-vanilati-250g-12196,Dorivi Vanilati 250g,,Basarabia,,General Products,General Products,TRUE,Title,Default Title,,,,,,,,MAR-12196,250.0201143,shopify,12,deny,manual,0.9,,TRUE,FALSE,,,,,,,,,FALSE,,,,lb,,,active
dorivi-mac-sare-250g-12195,Dorivi Mac Sare 250g,,Basarabia,,General Products,General Products,TRUE,Title,Default Title,,,,,,,,MAR-12195,250.0201143,shopify,12,deny,manual,0.9,,TRUE,FALSE,,,,,,,,,FALSE,,,,lb,,,active
dorivi-chimen-250g-12197,Dorivi Chimen 250g,,Basarabia,,General Products,General Products,TRUE,Title,Default Title,,,,,,,,MAR-12197,250.0201143,shopify,12,deny,manual,0.9,,TRUE,FALSE,,,,,,,,,FALSE,,,,lb,,,active
deroni-sos-cu-usturoi-305g-18635,Deroni Sos Cu Usturoi 305g,,Basarabia,,General Products,General Products,TRUE,Title,Default Title,,,,,,,,MAR-18635,304.9955096,shopify,6,deny,manual,2.1,,TRUE,FALSE,,,,,,,,,FALSE,,,,lb,,,active
croco-pernute-umplute-cu-cacao-100g-14045,Croco Pernute Umplute Cu Cacao 100g,,Basarabia,,General Products,General Products,TRUE,Title,Default Title,,,,,,,,MAR-14045,100.0171176,shopify,22,deny,manual,0.6,,TRUE,FALSE,,,,,,,,,FALSE,,,,lb,,,active
coronita-zahar-1kg-11192,Coronita Zahar 1kg,,Basarabia,,General Products,"General Products, price-match",TRUE,Title,Default Title,,,,,,,,MAR-11192,999.9897389,shopify,10,deny,manual,1.2,,TRUE,FALSE,,,,,,,,,FALSE,,,,lb,,,active
cegusto-bors-1l-11823,Cegusto Bors 1L,,Basarabia,,General Products,General Products,TRUE,Title,Default Title,,,,,,,,MAR-11823,0,shopify,6,deny,manual,1.4,,TRUE,FALSE,,,,,,,,,FALSE,,,,lb,,,active
camara-lui-enache-nuci-glazurate-cu-crema-500g-17098,Camara Lui Enache Nuci Glazurate Cu Crema 500g,,Basarabia,,General Products,General Products,TRUE,Title,Default Title,,,,,,,,MAR-17098,499.9948695,shopify,6,deny,manual,6.4,,TRUE,TRUE,,,,,,,,,FALSE,,,,lb,,,active
camara-lui-enache-malai-extra-1kg-18873,Camara Lui Enache Malai Extra 1kg,,Basarabia,,General Products,"General Products, price-match",TRUE,Title,Default Title,,,,,,,,MAR-18873,999.9897389,shopify,10,deny,manual,0.9,,TRUE,FALSE,,,,,,,,,FALSE,,,,lb,,,active
camara-lui-enache-gris-500g-18871,Camara Lui Enache Gris 500g,,Basarabia,,General Products,General Products,TRUE,Title,Default Title,,,,,,,,MAR-18871,499.9948695,shopify,10,deny,manual,0.8,,TRUE,FALSE,,,,,,,,,FALSE,,,,lb,,,active
camara-lui-enache-faina-alba-superioara-000-1kg-18872,Camara Lui Enache Faina Alba Superioara 000 1kg,,Basarabia,,General Products,"General Products, price-match",TRUE,Title,Default Title,,,,,,,,MAR-18872,999.9897389,shopify,10,deny,manual,0.8,,TRUE,FALSE,,,,,,,,,FALSE,,,,lb,,,active
camara-lui-enache-bors-1l-17013,Camara Lui Enache Bors 1L,,Basarabia,,General Products,General Products,TRUE,Title,Default Title,,,,,,,,MAR-17013,0,shopify,6,deny,manual,1.5,,TRUE,FALSE,,,,,,,,,FALSE,,,,lb,,,active
bunica-ulei-1l-11742,Bunica Ulei 1L,,Basarabia,,General Products,"General Products, price-match",TRUE,Title,Default Title,,,,,,,,MAR-11742,0,shopify,6,deny,manual,2.8,,TRUE,FALSE,,,,,,,,,FALSE,,,,lb,,,active
bunica-ulei-1-8l-11743,Bunica Ulei 1.8L,,Basarabia,,General Products,"General Products, price-match",TRUE,Title,Default Title,,,,,,,,MAR-11743,0,shopify,6,deny,manual,4.3,,TRUE,FALSE,,,,,,,,,FALSE,,,,lb,,,active
bunica-mustar-fin-300g-11674,Bunica Mustar Fin 300g,,Basarabia,,General Products,General Products,TRUE,Title,Default Title,,,,,,,,MAR-11674,300.0059935,shopify,16,deny,manual,1.3,,TRUE,FALSE,,,,,,,,,FALSE,,,,lb,,,active
bunica-mustar-dulce-300g-14678,Bunica Mustar Dulce 300g,,Basarabia,,General Products,General Products,TRUE,Title,Default Title,,,,,,,,MAR-14678,300.0059935,shopify,16,deny,manual,1.3,,TRUE,FALSE,,,,,,,,,FALSE,,,,lb,,,active
boromir-malai-extra-1kg-11324,Boromir Malai Extra 1kg,,Basarabia,,General Products,"General Products, price-match",TRUE,Title,Default Title,,,,,,,,MAR-11324,999.9897389,shopify,10,deny,manual,1,,TRUE,FALSE,,,,,,,,,FALSE,,,,lb,,,active
boromir-foi-pandispan-380g-14187,Boromir Foi Pandispan 380g,,Basarabia,,General Products,General Products,TRUE,Title,Default Title,,,,,,,,MAR-14187,380.0196876,shopify,7,deny,manual,2.8,,TRUE,FALSE,,,,,,,,,FALSE,,,,lb,,,active
boromir-foi-cremsnit-380g-11329,Boromir Foi Cremsnit 380g,,Basarabia,,General Products,General Products,TRUE,Title,Default Title,,,,,,,,MAR-11329,380.0196876,shopify,12,deny,manual,2.8,,TRUE,FALSE,,,,,,,,,FALSE,,,,lb,,,active
boromir-faina-2kg-11337,Boromir Faina 2kg,,Basarabia,,General Products,"General Products, price-match",TRUE,Title,Default Title,,,,,,,,MAR-11337,1999.979478,shopify,6,deny,manual,1.4,,TRUE,FALSE,,,,,,,,,FALSE,,,,lb,,,active
boromir-faina-1kg-11325,Boromir Faina 1kg,,Basarabia,,General Products,"General Products, price-match",TRUE,Title,Default Title,,,,,,,,MAR-11325,999.9897389,shopify,10,deny,manual,0.8,,TRUE,FALSE,,,,,,,,,FALSE,,,,lb,,,active
baneasa-faina-1kg-11142,Baneasa Faina 1kg,,Basarabia,,General Products,"General Products, price-match",TRUE,Title,Default Title,,,,,,,,MAR-11142,999.9897389,shopify,10,deny,manual,1.2,,TRUE,FALSE,,,,,,,,,FALSE,,,,lb,,,active
atifco-zahar-1kg-16320,Atifco Zahar 1kg,,Basarabia,,General Products,"General Products, price-match",TRUE,Title,Default Title,,,,,,,,MAR-16320,999.9897389,shopify,10,deny,manual,1.4,,TRUE,FALSE,,,,,,,,,FALSE,,,,lb,,,active
atifco-kid-joy-surprise-egg-boys-11866,Atifco Kid Joy Surprise Egg Boys,,Basarabia,,General Products,General Products,TRUE,Title,Default Title,,,,,,,,MAR-11866,0,shopify,8,deny,manual,2.1,,TRUE,TRUE,,,,,,,,,FALSE,,,,lb,,,active
atifco-kid-joy-surpise-egg-girls-11867,Atifco Kid Joy Surpise Egg Girls,,Basarabia,,General Products,General Products,TRUE,Title,Default Title,,,,,,,,MAR-11867,0,shopify,8,deny,manual,2.1,,TRUE,TRUE,,,,,,,,,FALSE,,,,lb,,,active
arpis-malai-extra-1kg-11719,Arpis Malai Extra 1kg,,Basarabia,,General Products,"General Products, price-match",TRUE,Title,Default Title,,,,,,,,MAR-11719,999.9897389,shopify,10,deny,manual,0.9,,TRUE,FALSE,,,,,,,,,FALSE,,,,lb,,,active
arpis-faina-1kg-11721,Arpis Faina 1kg,,Basarabia,,General Products,"General Products, price-match",TRUE,Title,Default Title,,,,,,,,MAR-11721,999.9897389,shopify,10,deny,manual,0.9,,TRUE,FALSE,,,,,,,,,FALSE,,,,lb,,,active
viva-cereale-cacao-250g-13073,Viva Cereale Cacao 250g,,Basarabia,,General Products,General Products,TRUE,Title,Default Title,,,,,,,,MAR-13073,250.0201143,shopify,10,deny,manual,1.2,,TRUE,FALSE,,,,,,,,,FALSE,,,,lb,,,active
dr-oetker-foi-subtiri-pentru-prajituri-17581,Dr.Oetker Foi Subtiri Pentru Prajituri,,Basarabia,,General Products,General Products,TRUE,Title,Default Title,,,,,,,,MAR-17581,0,shopify,12,deny,manual,4.6,,TRUE,FALSE,,,,,,,,,FALSE,,,,lb,,,active
dr-oetker-foi-simple-pentru-prajituri-17582,Dr.Oetker Foi Simple Pentru Prajituri,,Basarabia,,General Products,General Products,TRUE,Title,Default Title,,,,,,,,MAR-17582,0,shopify,12,deny,manual,4.7,,TRUE,FALSE,,,,,,,,,FALSE,,,,lb,,,active
dobrogea-faina-1kg-10851,Dobrogea Faina 1kg,,Basarabia,,General Products,"General Products, price-match",TRUE,Title,Default Title,,,,,,,,MAR-10851,999.9897389,shopify,10,deny,manual,0.7,,TRUE,FALSE,,,,,,,,,FALSE,,,,lb,,,active
bunica-mustar-muntenesc-cu-marar-300g-18704,Bunica Mustar Muntenesc Cu Marar 300g,,Basarabia,,General Products,General Products,TRUE,Title,Default Title,,,,,,,,MAR-18704,300.0059935,shopify,8,deny,manual,0.8,,TRUE,FALSE,,,,,,,,,FALSE,,,,lb,,,active
bunica-mustar-moldovenesc-cu-leustean-300g-18708,Bunica Mustar Moldovenesc Cu Leustean 300g,,Basarabia,,General Products,General Products,TRUE,Title,Default Title,,,,,,,,MAR-18708,300.0059935,shopify,8,deny,manual,0.8,,TRUE,FALSE,,,,,,,,,FALSE,,,,lb,,,active
bunica-mustar-ardelenesc-cu-tarhon-300g-18707,Bunica Mustar Ardelenesc Cu Tarhon 300g,,Basarabia,,General Products,General Products,TRUE,Title,Default Title,,,,,,,,MAR-18707,300.0059935,shopify,8,deny,manual,0.8,,TRUE,FALSE,,,,,,,,,FALSE,,,,lb,,,active
negro-macrou-300-500-congelat-10kg-10507,Negro Macrou 300-500 Congelat 10kg,,Basarabia,,Frozen,Frozen,TRUE,Title,Default Title,,,,,,,,MAR-10507,9999.988107,shopify,9,deny,manual,5.3,,TRUE,FALSE,,,,,,,,,FALSE,,,,lb,,,active
linco-patisero-placinta-cu-dovleac-800g-16051,Linco Patisero Placinta Cu Dovleac 800g,,Basarabia,,Frozen,Frozen,TRUE,Title,Default Title,,,,,,,,MAR-16051,800.000863,shopify,10,deny,manual,5.6,,TRUE,FALSE,,,,,,,,,FALSE,,,,lb,,,active
linco-patisero-placinta-cu-branza-sarata-800g-16054,Linco Patisero Placinta Cu Branza Sarata 800g,,Basarabia,,Frozen,Frozen,TRUE,Title,Default Title,,,,,,,,MAR-16054,800.000863,shopify,10,deny,manual,6.1,,TRUE,FALSE,,,,,,,,,FALSE,,,,lb,,,active
linco-patisero-placinta-cu-branza-dulce-si-stafide-16053,Linco Patisero Placinta Cu Branza Dulce Si Stafide,,Basarabia,,Frozen,Frozen,TRUE,Title,Default Title,,,,,,,,MAR-16053,0,shopify,10,deny,manual,6,,TRUE,FALSE,,,,,,,,,FALSE,,,,lb,,,active
linco-foi-placinta-400g-11046,Linco Foi Placinta 400g,,Basarabia,,Frozen,Frozen,TRUE,Title,Default Title,,,,,,,,MAR-11046,399.9777519,shopify,12,deny,manual,1.9,,TRUE,FALSE,,,,,,,,,FALSE,,,,lb,,,active
linco-aluat-foietaj-800g-11047,Linco Aluat Foietaj 800g,,Basarabia,,Frozen,Frozen,TRUE,Title,Default Title,,,,,,,,MAR-11047,800.000863,shopify,12,deny,manual,3,,TRUE,FALSE,,,,,,,,,FALSE,,,,lb,,,active
edenia-visine-fara-samburi-450g-18864,Edenia Visine Fara Samburi 450g,,Basarabia,,Frozen,Frozen,TRUE,Title,Default Title,,,,,,,,MAR-18864,450.0089903,shopify,6,deny,manual,6.1,,TRUE,FALSE,,,,,,,,,FALSE,,,,lb,,,active
edenia-cartofi-pai-1kg-18863,Edenia Cartofi Pai 1kg,,Basarabia,,Frozen,Frozen,TRUE,Title,Default Title,,,,,,,,MAR-18863,999.9897389,shopify,6,deny,manual,2.3,,TRUE,FALSE,,,,,,,,,FALSE,,,,lb,,,active
bella-foi-placinta-400g-10630,Bella Foi Placinta 400g,,Basarabia,,Frozen,Frozen,TRUE,Title,Default Title,,,,,,,,MAR-10630,399.9777519,shopify,24,deny,manual,1.9,,TRUE,FALSE,,,,,,,,,FALSE,,,,lb,,,active
bella-aluat-foietaj-800g-10626,Bella Aluat Foietaj 800g,,Basarabia,,Frozen,Frozen,TRUE,Title,Default Title,,,,,,,,MAR-10626,800.000863,shopify,10,deny,manual,3.4,,TRUE,FALSE,,,,,,,,,FALSE,,,,lb,,,active
ocean-fish-ton-maruntit-in-suc-propriu-160g-18053,Ocean Fish Ton Maruntit In Suc Propriu 160g,,Basarabia,,Fish,Fish,TRUE,Title,Default Title,,,,,,,,MAR-18053,159.9820289,shopify,6,deny,manual,1.8,,TRUE,FALSE,,,,,,,,,FALSE,,,,lb,,,active
ocean-fish-ton-bucati-in-floarea-soarelui-160g-18052,Ocean Fish Ton Bucati In Floarea Soarelui 160g,,Basarabia,,Fish,Fish,TRUE,Title,Default Title,,,,,,,,MAR-18052,159.9820289,shopify,6,deny,manual,2.3,,TRUE,FALSE,,,,,,,,,FALSE,,,,lb,,,active
ocean-fish-file-macrou-ulei-170g-13464,Ocean Fish File Macrou Ulei 170g,,Basarabia,,Fish,"Fish, price-match",TRUE,Title,Default Title,,,,,,,,MAR-13464,170.0064203,shopify,15,deny,manual,2.2,,TRUE,FALSE,,,,,,,,,FALSE,,,,lb,,,active
ocean-fish-file-hering-sos-tomat-170g-13461,Ocean Fish File Hering Sos Tomat 170g,,Basarabia,,Fish,Fish,TRUE,Title,Default Title,,,,,,,,MAR-13461,170.0064203,shopify,15,deny,manual,1.7,,TRUE,FALSE,,,,,,,,,FALSE,,,,lb,,,active
ocean-fish-ficat-de-cod-in-suc-propriu-121g-17789,Ocean Fish Ficat De Cod In Suc Propriu 121g,,Basarabia,,Fish,Fish,TRUE,Title,Default Title,,,,,,,,MAR-17789,121.0184443,shopify,12,deny,manual,2.9,,TRUE,FALSE,,,,,,,,,FALSE,,,,lb,,,active
mandy-pate-somon-100g-18649,Mandy Pate Somon 100g,,Basarabia,,Fish,Fish,TRUE,Title,Default Title,,,,,,,,MAR-18649,100.0171176,shopify,9,deny,manual,1.3,,TRUE,FALSE,,,,,,,,,FALSE,,,,lb,,,active
home-garden-somon-file-a-la-grec-170g-18744,Home Garden Somon File A La Grec 170g,,Basarabia,,Fish,Fish,TRUE,Title,Default Title,,,,,,,,MAR-18744,170.0064203,shopify,16,deny,manual,3,,TRUE,FALSE,,,,,,,,,FALSE,,,,lb,,,active
nufar-detartrant-clasic-1l-11974,Nufar Detartrant Clasic 1L,,Basarabia,,Cosmetics & Cleaning,Cosmetics & Cleaning,TRUE,Title,Default Title,,,,,,,,MAR-11974,0,shopify,8,deny,manual,3.7,,TRUE,TRUE,,,,,,,,,FALSE,,,,lb,,,active
doina-clasic-ingrijire-si-demachiere-200ml-11951,Doina Clasic Ingrijire Si Demachiere 200ml,,Basarabia,,Cosmetics & Cleaning,Cosmetics & Cleaning,TRUE,Title,Default Title,,,,,,,,MAR-11951,0,shopify,12,deny,manual,3.7,,TRUE,TRUE,,,,,,,,,FALSE,,,,lb,,,active
ace-clor-1l-12371,Ace Clor 1L,,Basarabia,,Cosmetics & Cleaning,Cosmetics & Cleaning,TRUE,Title,Default Title,,,,,,,,MAR-12371,0,shopify,18,deny,manual,2.6,,TRUE,TRUE,,,,,,,,,FALSE,,,,lb,,,active
ace-clor-2l-12772,Ace Clor 2L,,Basarabia,,Cosmetics & Cleaning,Cosmetics & Cleaning,TRUE,Title,Default Title,,,,,,,,MAR-12772,0,shopify,10,deny,manual,3.7,,TRUE,TRUE,,,,,,,,,FALSE,,,,lb,,,active
viva-salty-mix-jackpot-sarat-300g-15222,Viva Salty Mix (Jackpot Sarat) 300g,,Basarabia,,Chips & Salty,Chips & Salty,TRUE,Title,Default Title,,,,,,,,MAR-15222,300.0059935,shopify,9,deny,manual,1.1,,TRUE,FALSE,,,,,,,,,FALSE,,,,lb,,,active
viva-crunchy-chips-bacon-strips-80g-17143,Viva Crunchy Chips Bacon Strips 80g,,Basarabia,,Chips & Salty,Chips & Salty,TRUE,Title,Default Title,,,,,,,,MAR-17143,80.01369407,shopify,20,deny,manual,1.1,,TRUE,FALSE,,,,,,,,,FALSE,,,,lb,,,active
viva-chips-smantana-marar-100g-11368,Viva Chips Smantana Marar 100g,,Basarabia,,Chips & Salty,Chips & Salty,TRUE,Title,Default Title,,,,,,,,MAR-11368,100.0171176,shopify,20,deny,manual,1.1,,TRUE,FALSE,,,,,,,,,FALSE,,,,lb,,,active
viva-chips-sare-100g-11366,Viva Chips Sare 100g,,Basarabia,,Chips & Salty,Chips & Salty,TRUE,Title,Default Title,,,,,,,,MAR-11366,100.0171176,shopify,20,deny,manual,1.1,,TRUE,FALSE,,,,,,,,,FALSE,,,,lb,,,active
viva-chips-pui-picant-100g-18221,Viva Chips Pui Picant 100g,,Basarabia,,Chips & Salty,Chips & Salty,TRUE,Title,Default Title,,,,,,,,MAR-18221,100.0171176,shopify,20,deny,manual,1.1,,TRUE,FALSE,,,,,,,,,FALSE,,,,lb,,,active
viva-chips-pui-100g-11370,Viva Chips Pui 100g,,Basarabia,,Chips & Salty,Chips & Salty,TRUE,Title,Default Title,,,,,,,,MAR-11370,100.0171176,shopify,20,deny,manual,1.1,,TRUE,FALSE,,,,,,,,,FALSE,,,,lb,,,active
viva-chips-pizza-100g-11385,Viva Chips Pizza 100g,,Basarabia,,Chips & Salty,Chips & Salty,TRUE,Title,Default Title,,,,,,,,MAR-11385,100.0171176,shopify,20,deny,manual,1.1,,TRUE,FALSE,,,,,,,,,FALSE,,,,lb,,,active
viva-chips-cascaval-100g-11381,Viva Chips Cascaval 100g,,Basarabia,,Chips & Salty,Chips & Salty,TRUE,Title,Default Title,,,,,,,,MAR-11381,100.0171176,shopify,20,deny,manual,1.1,,TRUE,FALSE,,,,,,,,,FALSE,,,,lb,,,active
viva-chips-ardei-100g-11367,Viva Chips Ardei 100g,,Basarabia,,Chips & Salty,Chips & Salty,TRUE,Title,Default Title,,,,,,,,MAR-11367,100.0171176,shopify,20,deny,manual,1.1,,TRUE,FALSE,,,,,,,,,FALSE,,,,lb,,,active
tuc-bake-rolls-tomato-olives-80g-18748,Tuc Bake Rolls Tomato Olives 80g,,Basarabia,,Chips & Salty,Chips & Salty,TRUE,Title,Default Title,,,,,,,,MAR-18748,80.01369407,shopify,15,deny,manual,1,,TRUE,FALSE,,,,,,,,,FALSE,,,,lb,,,active
tuc-bake-rolls-sour-cream-onion-80g-18749,Tuc Bake Rolls Sour Cream Onion 80g,,Basarabia,,Chips & Salty,Chips & Salty,TRUE,Title,Default Title,,,,,,,,MAR-18749,80.01369407,shopify,15,deny,manual,1,,TRUE,FALSE,,,,,,,,,FALSE,,,,lb,,,active
tuc-bake-rolls-sea-salt-80g-18785,Tuc Bake Rolls Sea Salt 80g,,Basarabia,,Chips & Salty,Chips & Salty,TRUE,Title,Default Title,,,,,,,,MAR-18785,80.01369407,shopify,15,deny,manual,1,,TRUE,FALSE,,,,,,,,,FALSE,,,,lb,,,active
tuc-bake-rolls-pizza-80g-18870,Tuc Bake Rolls Pizza 80g,,Basarabia,,Chips & Salty,Chips & Salty,TRUE,Title,Default Title,,,,,,,,MAR-18870,80.01369407,shopify,15,deny,manual,1,,TRUE,FALSE,,,,,,,,,FALSE,,,,lb,,,active
tuc-bake-rolls-garlic-80g-18784,Tuc Bake Rolls Garlic 80g,,Basarabia,,Chips & Salty,Chips & Salty,TRUE,Title,Default Title,,,,,,,,MAR-18784,80.01369407,shopify,15,deny,manual,1,,TRUE,FALSE,,,,,,,,,FALSE,,,,lb,,,active
pringles-sour-cream-onion-165g-pmp-2-99-16837,Pringles Sour Cream & Onion 165g Pmp £2.99,,Basarabia,,Chips & Salty,Chips & Salty,TRUE,Title,Default Title,,,,,,,,MAR-16837,165.0169042,shopify,6,deny,manual,3,,TRUE,TRUE,,,,,,,,,FALSE,,,,lb,,,active
pringles-prawn-cocktail-165g-pmp-2-99-16889,Pringles Prawn Cocktail 165g Pmp £2.99,,Basarabia,,Chips & Salty,Chips & Salty,TRUE,Title,Default Title,,,,,,,,MAR-16889,165.0169042,shopify,6,deny,manual,3,,TRUE,TRUE,,,,,,,,,FALSE,,,,lb,,,active
pringles-cheese-onion-165g-pmp-2-99-16836,Pringles Cheese & Onion 165g Pmp £2.99,,Basarabia,,Chips & Salty,Chips & Salty,TRUE,Title,Default Title,,,,,,,,MAR-16836,165.0169042,shopify,6,deny,manual,3,,TRUE,TRUE,,,,,,,,,FALSE,,,,lb,,,active
lay-s-smantana-marar-125g-10840,Lay S Smantana Marar 125g,,Basarabia,,Chips & Salty,Chips & Salty,TRUE,Title,Default Title,,,,,,,,MAR-10840,125.0100572,shopify,21,deny,manual,2.1,,TRUE,TRUE,,,,,,,,,FALSE,,,,lb,,,active
lay-s-sare-125g-10839,Lay S Sare 125g,,Basarabia,,Chips & Salty,Chips & Salty,TRUE,Title,Default Title,,,,,,,,MAR-10839,125.0100572,shopify,21,deny,manual,2.1,,TRUE,TRUE,,,,,,,,,FALSE,,,,lb,,,active
lay-s-pui-125g-10841,Lay S Pui 125g,,Basarabia,,Chips & Salty,Chips & Salty,TRUE,Title,Default Title,,,,,,,,MAR-10841,125.0100572,shopify,21,deny,manual,2.1,,TRUE,TRUE,,,,,,,,,FALSE,,,,lb,,,active
lay-s-paprika-125g-10838,Lay S Paprika 125g,,Basarabia,,Chips & Salty,Chips & Salty,TRUE,Title,Default Title,,,,,,,,MAR-10838,125.0100572,shopify,21,deny,manual,2.1,,TRUE,TRUE,,,,,,,,,FALSE,,,,lb,,,active
lay-s-coaste-vita-la-gratar-125g-17982,Lay S Coaste Vita La Gratar 125g,,Basarabia,,Chips & Salty,Chips & Salty,TRUE,Title,Default Title,,,,,,,,MAR-17982,125.0100572,shopify,21,deny,manual,2.1,,TRUE,TRUE,,,,,,,,,FALSE,,,,lb,,,active
lay-s-branza-125g-10837,Lay S Branza 125g,,Basarabia,,Chips & Salty,Chips & Salty,TRUE,Title,Default Title,,,,,,,,MAR-10837,125.0100572,shopify,21,deny,manual,2.1,,TRUE,TRUE,,,,,,,,,FALSE,,,,lb,,,active
lay-s-barbeque-125g-10836,Lay S Barbeque 125g,,Basarabia,,Chips & Salty,Chips & Salty,TRUE,Title,Default Title,,,,,,,,MAR-10836,125.0100572,shopify,21,deny,manual,2.1,,TRUE,TRUE,,,,,,,,,FALSE,,,,lb,,,active
laleli-pufuleti-20g-15995,Laleli Pufuleti 20g,,Basarabia,,Chips & Salty,Chips & Salty,TRUE,Title,Default Title,,,,,,,,MAR-15995,20.00342352,shopify,12,deny,manual,0.5,,TRUE,FALSE,,,,,,,,,FALSE,,,,lb,,,active
gusto-pufuleti-surprize-60g-12084,Gusto Pufuleti Surprize 60g,,Basarabia,,Chips & Salty,Chips & Salty,TRUE,Title,Default Title,,,,,,,,MAR-12084,60.01027055,shopify,40,deny,manual,1,,TRUE,FALSE,,,,,,,,,FALSE,,,,lb,,,active
gusto-pufuleti-smantana-ceapa-80g-11840,Gusto Pufuleti Smantana Ceapa 80g,,Basarabia,,Chips & Salty,"Chips & Salty, price-match",TRUE,Title,Default Title,,,,,,,,MAR-11840,80.01369407,shopify,9,deny,manual,1.1,,TRUE,FALSE,,,,,,,,,FALSE,,,,lb,,,active
gusto-pufuleti-simpli-45g-12083,Gusto Pufuleti Simpli 45g,,Basarabia,,Chips & Salty,Chips & Salty,TRUE,Title,Default Title,,,,,,,,MAR-12083,44.9963631,shopify,100,deny,manual,0.3,,TRUE,FALSE,,,,,,,,,FALSE,,,,lb,,,active
gusto-pufuleti-pizza-80g-14256,Gusto Pufuleti Pizza 80g,,Basarabia,,Chips & Salty,Chips & Salty,TRUE,Title,Default Title,,,,,,,,MAR-14256,80.01369407,shopify,9,deny,manual,1.1,,TRUE,FALSE,,,,,,,,,FALSE,,,,lb,,,active
gusto-pufuleti-lapte-80g-14835,Gusto Pufuleti Lapte 80g,,Basarabia,,Chips & Salty,Chips & Salty,TRUE,Title,Default Title,,,,,,,,MAR-14835,80.01369407,shopify,9,deny,manual,1.1,,TRUE,FALSE,,,,,,,,,FALSE,,,,lb,,,active
gusto-pufuleti-cascaval-80g-11841,Gusto Pufuleti Cascaval 80g,,Basarabia,,Chips & Salty,Chips & Salty,TRUE,Title,Default Title,,,,,,,,MAR-11841,80.01369407,shopify,9,deny,manual,1.1,,TRUE,FALSE,,,,,,,,,FALSE,,,,lb,,,active
gusto-pufuleti-cacao-lapte-80g-16814,Gusto Pufuleti Cacao Lapte 80g,,Basarabia,,Chips & Salty,Chips & Salty,TRUE,Title,Default Title,,,,,,,,MAR-16814,80.01369407,shopify,9,deny,manual,1.1,,TRUE,FALSE,,,,,,,,,FALSE,,,,lb,,,active
gusto-pufuleti-bublegum-80g-16227,Gusto Pufuleti Bublegum 80g,,Basarabia,,Chips & Salty,Chips & Salty,TRUE,Title,Default Title,,,,,,,,MAR-16227,80.01369407,shopify,9,deny,manual,1.1,,TRUE,FALSE,,,,,,,,,FALSE,,,,lb,,,active
croco-sticks-sare-80g-11147,Croco Sticks Sare 80g,,Basarabia,Uncategorized,Chips & Salty,Chips & Salty,TRUE,Title,Default Title,,,,,,,,MAR-11147,80.01369407,shopify,32,deny,manual,0.4,,TRUE,FALSE,,,,,,,,,FALSE,,,,lb,,,active
croco-sticks-long-sare-80g-11155,Croco Sticks Long Sare 80g,,Basarabia,,Chips & Salty,Chips & Salty,TRUE,Title,Default Title,,,,,,,,MAR-11155,80.01369407,shopify,35,deny,manual,0.4,,TRUE,FALSE,,,,,,,,,FALSE,,,,lb,,,active
croco-snacks-cartofi-pui-50g-16589,Croco Snacks Cartofi Pui 50g,,Basarabia,,Chips & Salty,Chips & Salty,TRUE,Title,Default Title,,,,,,,,MAR-16589,49.98587917,shopify,14,deny,manual,0.5,,TRUE,FALSE,,,,,,,,,FALSE,,,,lb,,,active
croco-snacks-cartofi-ketchup-50g-16590,Croco Snacks Cartofi Ketchup 50g,,Basarabia,,Chips & Salty,Chips & Salty,TRUE,Title,Default Title,,,,,,,,MAR-16590,49.98587917,shopify,14,deny,manual,0.5,,TRUE,FALSE,,,,,,,,,FALSE,,,,lb,,,active
croco-crackers-susan-mac-400g-11153,Croco Crackers Susan Mac 400g,,Basarabia,,Chips & Salty,Chips & Salty,TRUE,Title,Default Title,,,,,,,,MAR-11153,399.9777519,shopify,12,deny,manual,1.8,,TRUE,FALSE,,,,,,,,,FALSE,,,,lb,,,active
croco-crackers-susan-mac-100g-17287,Croco Crackers Susan Mac 100g,,Basarabia,,Chips & Salty,Chips & Salty,TRUE,Title,Default Title,,,,,,,,MAR-17287,100.0171176,shopify,12,deny,manual,0.5,,TRUE,FALSE,,,,,,,,,FALSE,,,,lb,,,active
croco-crackers-sunca-100g-14338,Croco Crackers Sunca 100g,,Basarabia,,Chips & Salty,Chips & Salty,TRUE,Title,Default Title,,,,,,,,MAR-14338,100.0171176,shopify,12,deny,manual,0.5,,TRUE,FALSE,,,,,,,,,FALSE,,,,lb,,,active
croco-crackers-sem-fl-soarelui-150g-13630,Croco Crackers Sem Fl Soarelui 150g,,Basarabia,,Chips & Salty,Chips & Salty,TRUE,Title,Default Title,,,,,,,,MAR-13630,150.0029968,shopify,12,deny,manual,0.8,,TRUE,FALSE,,,,,,,,,FALSE,,,,lb,,,active
croco-crackers-sare-100g-11161,Croco Crackers Sare 100g,,Basarabia,,Chips & Salty,Chips & Salty,TRUE,Title,Default Title,,,,,,,,MAR-11161,100.0171176,shopify,12,deny,manual,0.5,,TRUE,FALSE,,,,,,,,,FALSE,,,,lb,,,active
croco-crackers-pizza-400g-11151,Croco Crackers Pizza 400g,,Basarabia,,Chips & Salty,Chips & Salty,TRUE,Title,Default Title,,,,,,,,MAR-11151,399.9777519,shopify,12,deny,manual,1.6,,TRUE,FALSE,,,,,,,,,FALSE,,,,lb,,,active
croco-crackers-pizza-100g-11163,Croco Crackers Pizza 100g,,Basarabia,,Chips & Salty,Chips & Salty,TRUE,Title,Default Title,,,,,,,,MAR-11163,100.0171176,shopify,12,deny,manual,0.5,,TRUE,FALSE,,,,,,,,,FALSE,,,,lb,,,active
croco-crackers-mix-250g-11154,Croco Crackers Mix 250g,,Basarabia,,Chips & Salty,Chips & Salty,TRUE,Title,Default Title,,,,,,,,MAR-11154,250.0201143,shopify,12,deny,manual,1,,TRUE,FALSE,,,,,,,,,FALSE,,,,lb,,,active
croco-crackers-branza-100g-11162,Croco Crackers Branza 100g,,Basarabia,,Chips & Salty,Chips & Salty,TRUE,Title,Default Title,,,,,,,,MAR-11162,100.0171176,shopify,12,deny,manual,0.5,,TRUE,FALSE,,,,,,,,,FALSE,,,,lb,,,active
croco-covrigi-sare-200g-14434,Croco Covrigi Sare 200g,,Basarabia,,Chips & Salty,Chips & Salty,TRUE,Title,Default Title,,,,,,,,MAR-14434,199.9888759,shopify,12,deny,manual,0.7,,TRUE,FALSE,,,,,,,,,FALSE,,,,lb,,,active
croco-covrigi-clasici-200g-14435,Croco Covrigi Clasici 200g,,Basarabia,,Chips & Salty,Chips & Salty,TRUE,Title,Default Title,,,,,,,,MAR-14435,199.9888759,shopify,12,deny,manual,0.6,,TRUE,FALSE,,,,,,,,,FALSE,,,,lb,,,active
croco-brezel-sare-80g-11160,Croco Brezel Sare 80g,,Basarabia,,Chips & Salty,Chips & Salty,TRUE,Title,Default Title,,,,,,,,MAR-11160,80.01369407,shopify,14,deny,manual,0.4,,TRUE,FALSE,,,,,,,,,FALSE,,,,lb,,,active
chio-maxi-mix-100g-14077,Chio Maxi Mix 100g,,Basarabia,,Chips & Salty,Chips & Salty,TRUE,Title,Default Title,,,,,,,,MAR-14077,100.0171176,shopify,20,deny,manual,2.1,,TRUE,FALSE,,,,,,,,,FALSE,,,,lb,,,active
chio-hula-hoops-sos-barbeque-miere-70g-18587,Chio Hula Hoops Sos Barbeque Miere 70g,,Basarabia,,Chips & Salty,Chips & Salty,TRUE,Title,Default Title,,,,,,,,MAR-18587,69.98930269,shopify,10,deny,manual,1.3,,TRUE,FALSE,,,,,,,,,FALSE,,,,lb,,,active
chio-hula-hoops-sare-de-mare-aromata-70g-18588,Chio Hula Hoops Sare De Mare Aromata 70g,,Basarabia,,Chips & Salty,Chips & Salty,TRUE,Title,Default Title,,,,,,,,MAR-18588,69.98930269,shopify,10,deny,manual,1.3,,TRUE,FALSE,,,,,,,,,FALSE,,,,lb,,,active
chio-hula-hoops-cascaval-70g-18589,Chio Hula Hoops Cascaval 70g,,Basarabia,,Chips & Salty,Chips & Salty,TRUE,Title,Default Title,,,,,,,,MAR-18589,69.98930269,shopify,10,deny,manual,1.3,,TRUE,FALSE,,,,,,,,,FALSE,,,,lb,,,active
chio-fried-chicken-60g-18173,Chio Fried Chicken 60g,,Basarabia,,Chips & Salty,Chips & Salty,TRUE,Title,Default Title,,,,,,,,MAR-18173,60.01027055,shopify,20,deny,manual,1.4,,TRUE,TRUE,,,,,,,,,FALSE,,,,lb,,,active
boromir-covrigi-de-buzau-in-susan-mac-si-sare-16219,Boromir Covrigi De Buzau In Susan Mac Si Sare,,Basarabia,,Chips & Salty,Chips & Salty,TRUE,Title,Default Title,,,,,,,,MAR-16219,0,shopify,21,deny,manual,1.4,,TRUE,FALSE,,,,,,,,,FALSE,,,,lb,,,active
boromir-covrigi-buzau-tarate-250g-11687,Boromir Covrigi Buzau Tarate 250g,,Basarabia,,Chips & Salty,Chips & Salty,TRUE,Title,Default Title,,,,,,,,MAR-11687,250.0201143,shopify,18,deny,manual,1.4,,TRUE,FALSE,,,,,,,,,FALSE,,,,lb,,,active
boromir-covrigi-buzau-sare-200g-11689,Boromir Covrigi Buzau Sare 200g,,Basarabia,,Chips & Salty,Chips & Salty,TRUE,Title,Default Title,,,,,,,,MAR-11689,199.9888759,shopify,21,deny,manual,1.1,,TRUE,FALSE,,,,,,,,,FALSE,,,,lb,,,active
boromir-covrigi-buzau-clasic-200g-11688,Boromir Covrigi Buzau Clasic 200g,,Basarabia,,Chips & Salty,Chips & Salty,TRUE,Title,Default Title,,,,,,,,MAR-11688,199.9888759,shopify,21,deny,manual,1.1,,TRUE,FALSE,,,,,,,,,FALSE,,,,lb,,,active
croco-crackers-susan-150g-13631,Croco Crackers Susan 150g,,Basarabia,,Chips & Salty,Chips & Salty,TRUE,Title,Default Title,,,,,,,,MAR-13631,150.0029968,shopify,12,deny,manual,0.6,,TRUE,FALSE,,,,,,,,,FALSE,,,,lb,,,active
croco-crackers-sare-400g-11152,Croco Crackers Sare 400g,,Basarabia,,Chips & Salty,Chips & Salty,TRUE,Title,Default Title,,,,,,,,MAR-11152,399.9777519,shopify,12,deny,manual,1.3,,TRUE,FALSE,,,,,,,,,FALSE,,,,lb,,,active
croco-crackers-branza-400g-11150,Croco Crackers Branza 400g,,Basarabia,,Chips & Salty,Chips & Salty,TRUE,Title,Default Title,,,,,,,,MAR-11150,399.9777519,shopify,12,deny,manual,1.4,,TRUE,FALSE,,,,,,,,,FALSE,,,,lb,,,active
chio-chips-smantana-ceapa-125g-16339,Chio Chips Smantana Ceapa 125g,,Basarabia,,Chips & Salty,"Chips & Salty, price-match",TRUE,Title,Default Title,,,,,,,,MAR-16339,125.0100572,shopify,10,deny,manual,1.5,,TRUE,TRUE,,,,,,,,,FALSE,,,,lb,,,active
chio-chips-sare-125g-16336,Chio Chips Sare 125g,,Basarabia,,Chips & Salty,Chips & Salty,TRUE,Title,Default Title,,,,,,,,MAR-16336,125.0100572,shopify,10,deny,manual,1.5,,TRUE,TRUE,,,,,,,,,FALSE,,,,lb,,,active
chio-chips-paprika-125g-18179,Chio Chips Paprika 125g,,Basarabia,,Chips & Salty,Chips & Salty,TRUE,Title,Default Title,,,,,,,,MAR-18179,125.0100572,shopify,10,deny,manual,1.5,,TRUE,TRUE,,,,,,,,,FALSE,,,,lb,,,active
chio-chips-cascaval-125g-16337,Chio Chips Cascaval 125g,,Basarabia,,Chips & Salty,Chips & Salty,TRUE,Title,Default Title,,,,,,,,MAR-16337,125.0100572,shopify,10,deny,manual,1.5,,TRUE,TRUE,,,,,,,,,FALSE,,,,lb,,,active
chio-chips-barbeque-125g-16338,Chio Chips Barbeque 125g,,Basarabia,,Chips & Salty,Chips & Salty,TRUE,Title,Default Title,,,,,,,,MAR-16338,125.0100572,shopify,10,deny,manual,1.5,,TRUE,TRUE,,,,,,,,,FALSE,,,,lb,,,active
topoloveni-zacusca-vinete-300g-12270,Topoloveni Zacusca Vinete 300g,,Basarabia,,Cans & Jars,Cans & Jars,TRUE,Title,Default Title,,,,,,,,MAR-12270,300.0059935,shopify,12,deny,manual,2.1,,TRUE,FALSE,,,,,,,,,FALSE,,,,lb,,,active
topoloveni-zacusca-ghebe-295g-12284,Topoloveni Zacusca Ghebe 295g,,Basarabia,,Cans & Jars,Cans & Jars,TRUE,Title,Default Title,,,,,,,,MAR-12284,295.0164774,shopify,12,deny,manual,3,,TRUE,FALSE,,,,,,,,,FALSE,,,,lb,,,active
topoloveni-zacusca-ciuperci-300g-12271,Topoloveni Zacusca Ciuperci 300g,,Basarabia,,Cans & Jars,Cans & Jars,TRUE,Title,Default Title,,,,,,,,MAR-12271,300.0059935,shopify,12,deny,manual,2.1,,TRUE,FALSE,,,,,,,,,FALSE,,,,lb,,,active
scandia-pate-rata-120g-13062,Scandia Pate Rata 120g,,Basarabia,,Cans & Jars,Cans & Jars,TRUE,Title,Default Title,,,,,,,,MAR-13062,120.0205411,shopify,6,deny,manual,1.9,,TRUE,FALSE,,,,,,,,,FALSE,,,,lb,,,active
scandia-pate-rata-200g-11440,Scandia Pate Rata 200g,,Basarabia,,Cans & Jars,Cans & Jars,TRUE,Title,Default Title,,,,,,,,MAR-11440,199.9888759,shopify,6,deny,manual,2.5,,TRUE,FALSE,,,,,,,,,FALSE,,,,lb,,,active
scandia-pate-pui-200g-14492,Scandia Pate Pui 200g,,Basarabia,,Cans & Jars,Cans & Jars,TRUE,Title,Default Title,,,,,,,,MAR-14492,199.9888759,shopify,6,deny,manual,2,,TRUE,FALSE,,,,,,,,,FALSE,,,,lb,,,active
scandia-pate-porc-120g-12852,Scandia Pate Porc 120g,,Basarabia,,Cans & Jars,Cans & Jars,TRUE,Title,Default Title,,,,,,,,MAR-12852,120.0205411,shopify,6,deny,manual,1.5,,TRUE,FALSE,,,,,,,,,FALSE,,,,lb,,,active
scandia-pate-porc-200g-14493,Scandia Pate Porc 200g,,Basarabia,,Cans & Jars,Cans & Jars,TRUE,Title,Default Title,,,,,,,,MAR-14493,199.9888759,shopify,6,deny,manual,2,,TRUE,FALSE,,,,,,,,,FALSE,,,,lb,,,active
raureni-zeama-de-varza-murata-750ml-14188,Raureni Zeama De Varza Murata 750ml,,Basarabia,,Cans & Jars,Cans & Jars,TRUE,Title,Default Title,,,,,,,,MAR-14188,0,shopify,6,deny,manual,1.4,,TRUE,FALSE,,,,,,,,,FALSE,,,,lb,,,active
raureni-zacusca-vinete-500g-10941,Raureni Zacusca Vinete 500g,,Basarabia,,Cans & Jars,Cans & Jars,TRUE,Title,Default Title,,,,,,,,MAR-10941,499.9948695,shopify,6,deny,manual,3.1,,TRUE,FALSE,,,,,,,,,FALSE,,,,lb,,,active
raureni-zacusca-vinete-300g-10940,Raureni Zacusca Vinete 300g,,Basarabia,,Cans & Jars,Cans & Jars,TRUE,Title,Default Title,,,,,,,,MAR-10940,300.0059935,shopify,6,deny,manual,2.2,,TRUE,FALSE,,,,,,,,,FALSE,,,,lb,,,active
raureni-zacusca-taraneasca-500g-10912,Raureni Zacusca Taraneasca 500g,,Basarabia,,Cans & Jars,Cans & Jars,TRUE,Title,Default Title,,,,,,,,MAR-10912,499.9948695,shopify,6,deny,manual,3.1,,TRUE,FALSE,,,,,,,,,FALSE,,,,lb,,,active
raureni-zacusca-taraneasca-300g-10894,Raureni Zacusca Taraneasca 300g,,Basarabia,,Cans & Jars,Cans & Jars,TRUE,Title,Default Title,,,,,,,,MAR-10894,300.0059935,shopify,6,deny,manual,2.3,,TRUE,FALSE,,,,,,,,,FALSE,,,,lb,,,active
raureni-zacusca-picanta-700g-10927,Raureni Zacusca Picanta 700g,,Basarabia,,Cans & Jars,Cans & Jars,TRUE,Title,Default Title,,,,,,,,MAR-10927,699.9837454,shopify,6,deny,manual,3.8,,TRUE,FALSE,,,,,,,,,FALSE,,,,lb,,,active
raureni-zacusca-picanta-500g-18067,Raureni Zacusca Picanta 500g,,Basarabia,,Cans & Jars,Cans & Jars,TRUE,Title,Default Title,,,,,,,,MAR-18067,499.9948695,shopify,6,deny,manual,3.1,,TRUE,FALSE,,,,,,,,,FALSE,,,,lb,,,active
raureni-zacusca-fasole-500g-17246,Raureni Zacusca Fasole 500g,,Basarabia,,Cans & Jars,Cans & Jars,TRUE,Title,Default Title,,,,,,,,MAR-17246,499.9948695,shopify,6,deny,manual,3.1,,TRUE,FALSE,,,,,,,,,FALSE,,,,lb,,,active
raureni-zacusca-fasole-300g-10935,Raureni Zacusca Fasole 300g,,Basarabia,,Cans & Jars,Cans & Jars,TRUE,Title,Default Title,,,,,,,,MAR-10935,300.0059935,shopify,6,deny,manual,2.4,,TRUE,FALSE,,,,,,,,,FALSE,,,,lb,,,active
raureni-zacusca-ciuperci-300g-10911,Raureni Zacusca Ciuperci 300g,,Basarabia,,Cans & Jars,Cans & Jars,TRUE,Title,Default Title,,,,,,,,MAR-10911,300.0059935,shopify,6,deny,manual,2.3,,TRUE,FALSE,,,,,,,,,FALSE,,,,lb,,,active
raureni-varza-pt-sarmale-in-saramura-1600g-15524,Raureni Varza Pt Sarmale In Saramura 1600g,,Basarabia,,Cans & Jars,Cans & Jars,TRUE,Title,Default Title,,,,,,,,MAR-15524,1600.001726,shopify,4,deny,manual,5.2,,TRUE,FALSE,,,,,,,,,FALSE,,,,lb,,,active
raureni-varza-murata-tocata-saramura-720ml-10910,Raureni Varza Murata Tocata Saramura 720ml,,Basarabia,,Cans & Jars,Cans & Jars,TRUE,Title,Default Title,,,,,,,,MAR-10910,0,shopify,6,deny,manual,1.6,,TRUE,FALSE,,,,,,,,,FALSE,,,,lb,,,active
raureni-tocana-legume-300g-10893,Raureni Tocana Legume 300g,,Basarabia,,Cans & Jars,Cans & Jars,TRUE,Title,Default Title,,,,,,,,MAR-10893,300.0059935,shopify,6,deny,manual,1.4,,TRUE,FALSE,,,,,,,,,FALSE,,,,lb,,,active
raureni-spanac-in-saramura-720g-10930,Raureni Spanac In Saramura 720g,,Basarabia,,Cans & Jars,Cans & Jars,TRUE,Title,Default Title,,,,,,,,MAR-10930,719.9871689,shopify,6,deny,manual,2.4,,TRUE,FALSE,,,,,,,,,FALSE,,,,lb,,,active
raureni-salata-sfecla-rosie-680ml-10872,Raureni Salata Sfecla Rosie 680ml,,Basarabia,,Cans & Jars,Cans & Jars,TRUE,Title,Default Title,,,,,,,,MAR-10872,0,shopify,6,deny,manual,1.6,,TRUE,FALSE,,,,,,,,,FALSE,,,,lb,,,active
raureni-mancare-fasole-310g-10896,Raureni Mancare Fasole 310g,,Basarabia,,Cans & Jars,Cans & Jars,TRUE,Title,Default Title,,,,,,,,MAR-10896,309.9850257,shopify,6,deny,manual,1.5,,TRUE,FALSE,,,,,,,,,FALSE,,,,lb,,,active
raureni-gogosari-taiati-otet-1700g-13568,Raureni Gogosari Taiati Otet 1700g,,Basarabia,,Cans & Jars,"Cans & Jars, price-match",TRUE,Title,Default Title,,,,,,,,MAR-13568,1700.018844,shopify,4,deny,manual,4.6,,TRUE,FALSE,,,,,,,,,FALSE,,,,lb,,,active
raureni-gogosari-taiati-in-otet-2400g-14081,Raureni Gogosari Taiati In Otet 2400g,,Basarabia,,Cans & Jars,"Cans & Jars, price-match",TRUE,Title,Default Title,,,,,,,,MAR-14081,2400.002589,shopify,4,deny,manual,6.1,,TRUE,FALSE,,,,,,,,,FALSE,,,,lb,,,active
raureni-gogosari-otet-720g-10942,Raureni Gogosari Otet 720g,,Basarabia,,Cans & Jars,"Cans & Jars, price-match",TRUE,Title,Default Title,,,,,,,,MAR-10942,719.9871689,shopify,6,deny,manual,2.2,,TRUE,FALSE,,,,,,,,,FALSE,,,,lb,,,active
raureni-gogonele-4100g-10906,Raureni Gogonele 4100g,,Basarabia,,Cans & Jars,Cans & Jars,TRUE,Title,Default Title,,,,,,,,MAR-10906,4100.021432,shopify,2,deny,manual,5.8,,TRUE,FALSE,,,,,,,,,FALSE,,,,lb,,,active
raureni-gem-prune-370g-10889,Raureni Gem Prune 370g,,Basarabia,,Cans & Jars,Cans & Jars,TRUE,Title,Default Title,,,,,,,,MAR-10889,369.9952962,shopify,6,deny,manual,2,,TRUE,FALSE,,,,,,,,,FALSE,,,,lb,,,active
raureni-gem-piersici-370g-10888,Raureni Gem Piersici 370g,,Basarabia,,Cans & Jars,Cans & Jars,TRUE,Title,Default Title,,,,,,,,MAR-10888,369.9952962,shopify,6,deny,manual,1.9,,TRUE,FALSE,,,,,,,,,FALSE,,,,lb,,,active
raureni-gem-cirese-370g-10884,Raureni Gem Cirese 370g,,Basarabia,,Cans & Jars,Cans & Jars,TRUE,Title,Default Title,,,,,,,,MAR-10884,369.9952962,shopify,6,deny,manual,3.5,,TRUE,FALSE,,,,,,,,,FALSE,,,,lb,,,active
raureni-dulceata-zmeura-270g-14612,Raureni Dulceata Zmeura 270g,,Basarabia,,Cans & Jars,Cans & Jars,TRUE,Title,Default Title,,,,,,,,MAR-14612,269.9781786,shopify,6,deny,manual,3.4,,TRUE,FALSE,,,,,,,,,FALSE,,,,lb,,,active
raureni-dulceata-visine-270g-10901,Raureni Dulceata Visine 270g,,Basarabia,,Cans & Jars,Cans & Jars,TRUE,Title,Default Title,,,,,,,,MAR-10901,269.9781786,shopify,6,deny,manual,3.8,,TRUE,FALSE,,,,,,,,,FALSE,,,,lb,,,active
raureni-dulceata-trandafiri-270g-14036,Raureni Dulceata Trandafiri 270g,,Basarabia,,Cans & Jars,Cans & Jars,TRUE,Title,Default Title,,,,,,,,MAR-14036,269.9781786,shopify,6,deny,manual,2.5,,TRUE,FALSE,,,,,,,,,FALSE,,,,lb,,,active
raureni-dulceata-nuci-verzi-270g-17573,Raureni Dulceata Nuci Verzi 270g,,Basarabia,,Cans & Jars,Cans & Jars,TRUE,Title,Default Title,,,,,,,,MAR-17573,269.9781786,shopify,12,deny,manual,5,,TRUE,FALSE,,,,,,,,,FALSE,,,,lb,,,active
raureni-dulceata-gutui-270g-14475,Raureni Dulceata Gutui 270g,,Basarabia,,Cans & Jars,Cans & Jars,TRUE,Title,Default Title,,,,,,,,MAR-14475,269.9781786,shopify,6,deny,manual,2.7,,TRUE,FALSE,,,,,,,,,FALSE,,,,lb,,,active
raureni-dulceata-fructe-de-padure-250g-14035,Raureni Dulceata Fructe De Padure 250g,,Basarabia,,Cans & Jars,Cans & Jars,TRUE,Title,Default Title,,,,,,,,MAR-14035,250.0201143,shopify,6,deny,manual,2.9,,TRUE,FALSE,,,,,,,,,FALSE,,,,lb,,,active
raureni-dulceata-coacaze-270g-10904,Raureni Dulceata Coacaze 270g,,Basarabia,,Cans & Jars,Cans & Jars,TRUE,Title,Default Title,,,,,,,,MAR-10904,269.9781786,shopify,6,deny,manual,3,,TRUE,FALSE,,,,,,,,,FALSE,,,,lb,,,active
raureni-dulceata-cirese-270g-10902,Raureni Dulceata Cirese 270g,,Basarabia,,Cans & Jars,Cans & Jars,TRUE,Title,Default Title,,,,,,,,MAR-10902,269.9781786,shopify,6,deny,manual,3.8,,TRUE,FALSE,,,,,,,,,FALSE,,,,lb,,,active
raureni-dulceata-capsuni-270g-10900,Raureni Dulceata Capsuni 270g,,Basarabia,,Cans & Jars,Cans & Jars,TRUE,Title,Default Title,,,,,,,,MAR-10900,269.9781786,shopify,6,deny,manual,2.8,,TRUE,FALSE,,,,,,,,,FALSE,,,,lb,,,active
raureni-dulceata-afine-270g-10903,Raureni Dulceata Afine 270g,,Basarabia,,Cans & Jars,Cans & Jars,TRUE,Title,Default Title,,,,,,,,MAR-10903,269.9781786,shopify,6,deny,manual,3.6,,TRUE,FALSE,,,,,,,,,FALSE,,,,lb,,,active
raureni-conopida-otet-700g-10881,Raureni Conopida Otet 700g,,Basarabia,,Cans & Jars,"Cans & Jars, price-match",TRUE,Title,Default Title,,,,,,,,MAR-10881,699.9837454,shopify,6,deny,manual,2.6,,TRUE,FALSE,,,,,,,,,FALSE,,,,lb,,,active
raureni-castraveti-picanti-680g-10919,Raureni Castraveti Picanti 680g,,Basarabia,,Cans & Jars,Cans & Jars,TRUE,Title,Default Title,,,,,,,,MAR-10919,679.9803219,shopify,6,deny,manual,2.3,,TRUE,FALSE,,,,,,,,,FALSE,,,,lb,,,active
raureni-castraveti-otet-6-9cm-1600g-10876,Raureni Castraveti Otet 6-9Cm 1600g,,Basarabia,,Cans & Jars,"Cans & Jars, price-match",TRUE,Title,Default Title,,,,,,,,MAR-10876,1600.001726,shopify,4,deny,manual,4.3,,TRUE,FALSE,,,,,,,,,FALSE,,,,lb,,,active
raureni-castraveti-extra-in-otet-3-6cm-520ml-10887,Raureni Castraveti Extra In Otet 3-6Cm 520ml,,Basarabia,,Cans & Jars,"Cans & Jars, price-match",TRUE,Title,Default Title,,,,,,,,MAR-10887,0,shopify,6,deny,manual,2.4,,TRUE,FALSE,,,,,,,,,FALSE,,,,lb,,,active
raureni-castraveti-ardelenesti-680g-12889,Raureni Castraveti Ardelenesti 680g,,Basarabia,,Cans & Jars,Cans & Jars,TRUE,Title,Default Title,,,,,,,,MAR-12889,679.9803219,shopify,6,deny,manual,2.5,,TRUE,FALSE,,,,,,,,,FALSE,,,,lb,,,active
raureni-castraveti-3-6cm-370ml-18650,Raureni Castraveti 3-6Cm 370ml,,Basarabia,,Cans & Jars,Cans & Jars,TRUE,Title,Default Title,,,,,,,,MAR-18650,0,shopify,6,deny,manual,1.4,,TRUE,FALSE,,,,,,,,,FALSE,,,,lb,,,active
raureni-ardei-venetian-720g-10928,Raureni Ardei Venetian 720g,,Basarabia,,Cans & Jars,Cans & Jars,TRUE,Title,Default Title,,,,,,,,MAR-10928,719.9871689,shopify,6,deny,manual,3.1,,TRUE,FALSE,,,,,,,,,FALSE,,,,lb,,,active
raureni-ardei-capia-copti-720g-10924,Raureni Ardei Capia Copti 720g,,Basarabia,,Cans & Jars,Cans & Jars,TRUE,Title,Default Title,,,,,,,,MAR-10924,719.9871689,shopify,6,deny,manual,3.1,,TRUE,FALSE,,,,,,,,,FALSE,,,,lb,,,active
raureni-ardei-capia-copt-1600g-13174,Raureni Ardei Capia Copt 1600g,,Basarabia,,Cans & Jars,Cans & Jars,TRUE,Title,Default Title,,,,,,,,MAR-13174,1600.001726,shopify,4,deny,manual,5.3,,TRUE,FALSE,,,,,,,,,FALSE,,,,lb,,,active
olympia-zacusca-vinete-coapte-550g-13347,Olympia Zacusca Vinete Coapte 550g,,Basarabia,,Cans & Jars,Cans & Jars,TRUE,Title,Default Title,,,,,,,,MAR-13347,549.9807486,shopify,6,deny,manual,2.4,,TRUE,FALSE,,,,,,,,,FALSE,,,,lb,,,active
olympia-zacusca-vinete-coapte-300g-11606,Olympia Zacusca Vinete Coapte 300g,,Basarabia,,Cans & Jars,Cans & Jars,TRUE,Title,Default Title,,,,,,,,MAR-11606,300.0059935,shopify,6,deny,manual,1.5,,TRUE,FALSE,,,,,,,,,FALSE,,,,lb,,,active
olympia-zacusca-traditionala-munteneasca-580ml-10473,Olympia Zacusca Traditionala Munteneasca 580ml,,Basarabia,,Cans & Jars,Cans & Jars,TRUE,Title,Default Title,,,,,,,,MAR-10473,0,shopify,6,deny,manual,3.7,,TRUE,FALSE,,,,,,,,,FALSE,,,,lb,,,active
olympia-zacusca-munteneasca-cu-ciuperci-580ml-13152,Olympia Zacusca Munteneasca Cu Ciuperci 580ml,,Basarabia,,Cans & Jars,Cans & Jars,TRUE,Title,Default Title,,,,,,,,MAR-13152,0,shopify,6,deny,manual,3.9,,TRUE,FALSE,,,,,,,,,FALSE,,,,lb,,,active
olympia-zacusca-fasole-300g-11636,Olympia Zacusca Fasole 300g,,Basarabia,,Cans & Jars,Cans & Jars,TRUE,Title,Default Title,,,,,,,,MAR-11636,300.0059935,shopify,6,deny,manual,1.5,,TRUE,FALSE,,,,,,,,,FALSE,,,,lb,,,active
olympia-zacusca-ciuperci-300g-11632,Olympia Zacusca Ciuperci 300g,,Basarabia,,Cans & Jars,Cans & Jars,TRUE,Title,Default Title,,,,,,,,MAR-11632,300.0059935,shopify,6,deny,manual,1.6,,TRUE,FALSE,,,,,,,,,FALSE,,,,lb,,,active
olympia-varza-calita-580ml-14049,Olympia Varza Calita 580ml,,Basarabia,,Cans & Jars,Cans & Jars,TRUE,Title,Default Title,,,,,,,,MAR-14049,0,shopify,6,deny,manual,2.2,,TRUE,FALSE,,,,,,,,,FALSE,,,,lb,,,active
olympia-tocana-legume-300g-11607,Olympia Tocana Legume 300g,,Basarabia,,Cans & Jars,Cans & Jars,TRUE,Title,Default Title,,,,,,,,MAR-11607,300.0059935,shopify,6,deny,manual,1,,TRUE,FALSE,,,,,,,,,FALSE,,,,lb,,,active
olympia-mancare-fasole-310g-11609,Olympia Mancare Fasole 310g,,Basarabia,,Cans & Jars,Cans & Jars,TRUE,Title,Default Title,,,,,,,,MAR-11609,309.9850257,shopify,6,deny,manual,1.1,,TRUE,FALSE,,,,,,,,,FALSE,,,,lb,,,active
olympia-gourmet-zacusca-picanta-vinete-si-ardei-capia-18074,Olympia Gourmet Zacusca Picanta Vinete Si Ardei Capia,,Basarabia,,Cans & Jars,Cans & Jars,TRUE,Title,Default Title,,,,,,,,MAR-18074,0,shopify,6,deny,manual,1.4,,TRUE,FALSE,,,,,,,,,FALSE,,,,lb,,,active
olympia-gogosari-sferturi-murati-otet-720ml-11610,Olympia Gogosari Sferturi Murati Otet 720ml,,Basarabia,,Cans & Jars,"Cans & Jars, price-match",TRUE,Title,Default Title,,,,,,,,MAR-11610,0,shopify,6,deny,manual,2.2,,TRUE,FALSE,,,,,,,,,FALSE,,,,lb,,,active
olympia-castraveti-cornison-in-otet-1-3cm-370ml-16322,Olympia Castraveti Cornison In Otet 1-3Cm 370ml,,Basarabia,,Cans & Jars,"Cans & Jars, price-match",TRUE,Title,Default Title,,,,,,,,MAR-16322,0,shopify,6,deny,manual,2.1,,TRUE,FALSE,,,,,,,,,FALSE,,,,lb,,,active
olympia-castraveti-9-12-otet-5000ml-11598,Olympia Castraveti 9-12 Otet 5000ml,,Basarabia,,Cans & Jars,"Cans & Jars, price-match",TRUE,Title,Default Title,,,,,,,,MAR-11598,0,shopify,6,deny,manual,7.3,,TRUE,FALSE,,,,,,,,,FALSE,,,,lb,,,active
olympia-castraveti-6-9-720ml-13416,Olympia Castraveti 6-9 720ml,,Basarabia,,Cans & Jars,Cans & Jars,TRUE,Title,Default Title,,,,,,,,MAR-13416,0,shopify,6,deny,manual,1.9,,TRUE,FALSE,,,,,,,,,FALSE,,,,lb,,,active
olympia-castraveti-3-6-720ml-13415,Olympia Castraveti 3-6 720ml,,Basarabia,,Cans & Jars,Cans & Jars,TRUE,Title,Default Title,,,,,,,,MAR-13415,0,shopify,6,deny,manual,2,,TRUE,FALSE,,,,,,,,,FALSE,,,,lb,,,active
mos-nichifor-varza-murata-tocata-in-saramura-18669,Mos Nichifor Varza Murata Tocata In Saramura,,Basarabia,,Cans & Jars,Cans & Jars,TRUE,Title,Default Title,,,,,,,,MAR-18669,0,shopify,6,deny,manual,3.6,,TRUE,FALSE,,,,,,,,,FALSE,,,,lb,,,active
mos-nichifor-muraturi-asortate-taiate-400g-18802,Mos Nichifor Muraturi Asortate Taiate 400g,,Basarabia,,Cans & Jars,Cans & Jars,TRUE,Title,Default Title,,,,,,,,MAR-18802,399.9777519,shopify,16,deny,manual,2.8,,TRUE,FALSE,,,,,,,,,FALSE,,,,lb,,,active
mos-nichifor-muraturi-asortate-intregi-1700ml-18672,Mos Nichifor Muraturi Asortate Intregi 1700ml,,Basarabia,,Cans & Jars,Cans & Jars,TRUE,Title,Default Title,,,,,,,,MAR-18672,0,shopify,6,deny,manual,5.1,,TRUE,FALSE,,,,,,,,,FALSE,,,,lb,,,active
mos-nichifor-gogonele-murate-in-saramura-1700ml-18801,Mos Nichifor Gogonele Murate In Saramura 1700ml,,Basarabia,,Cans & Jars,Cans & Jars,TRUE,Title,Default Title,,,,,,,,MAR-18801,0,shopify,6,deny,manual,3.5,,TRUE,FALSE,,,,,,,,,FALSE,,,,lb,,,active
mos-nichifor-frunze-de-vita-in-saramura-1000ml-18670,Mos Nichifor Frunze De Vita In Saramura 1000ml,,Basarabia,,Cans & Jars,Cans & Jars,TRUE,Title,Default Title,,,,,,,,MAR-18670,0,shopify,6,deny,manual,3.6,,TRUE,FALSE,,,,,,,,,FALSE,,,,lb,,,active
mos-nichifor-castraveti-in-saramura-1700ml-18668,Mos Nichifor Castraveti In Saramura 1700ml,,Basarabia,,Cans & Jars,Cans & Jars,TRUE,Title,Default Title,,,,,,,,MAR-18668,0,shopify,6,deny,manual,4.7,,TRUE,FALSE,,,,,,,,,FALSE,,,,lb,,,active
mandy-pate-vegetal-original-200g-11414,Mandy Pate Vegetal Original 200g,,Basarabia,,Cans & Jars,Cans & Jars,TRUE,Title,Default Title,,,,,,,,MAR-11414,199.9888759,shopify,6,deny,manual,1.3,,TRUE,FALSE,,,,,,,,,FALSE,,,,lb,,,active
mandy-pate-vegetal-original-120g-11418,Mandy Pate Vegetal Original 120g,,Basarabia,,Cans & Jars,Cans & Jars,TRUE,Title,Default Title,,,,,,,,MAR-11418,120.0205411,shopify,6,deny,manual,1,,TRUE,FALSE,,,,,,,,,FALSE,,,,lb,,,active
mandy-pate-vegetal-masline-200g-11422,Mandy Pate Vegetal Masline 200g,,Basarabia,,Cans & Jars,Cans & Jars,TRUE,Title,Default Title,,,,,,,,MAR-11422,199.9888759,shopify,6,deny,manual,1.3,,TRUE,FALSE,,,,,,,,,FALSE,,,,lb,,,active
mandy-pate-vegetal-masline-120g-11421,Mandy Pate Vegetal Masline 120g,,Basarabia,,Cans & Jars,Cans & Jars,TRUE,Title,Default Title,,,,,,,,MAR-11421,120.0205411,shopify,6,deny,manual,1,,TRUE,FALSE,,,,,,,,,FALSE,,,,lb,,,active
mandy-pate-vegetal-cu-spanac-200g-14899,Mandy Pate Vegetal Cu Spanac 200g,,Basarabia,,Cans & Jars,Cans & Jars,TRUE,Title,Default Title,,,,,,,,MAR-14899,199.9888759,shopify,6,deny,manual,1.3,,TRUE,FALSE,,,,,,,,,FALSE,,,,lb,,,active
mandy-pate-vegetal-cu-spanac-120g-14898,Mandy Pate Vegetal Cu Spanac 120g,,Basarabia,,Cans & Jars,Cans & Jars,TRUE,Title,Default Title,,,,,,,,MAR-14898,120.0205411,shopify,6,deny,manual,1,,TRUE,FALSE,,,,,,,,,FALSE,,,,lb,,,active
mandy-pate-vegetal-ciuperci-200g-11420,Mandy Pate Vegetal Ciuperci 200g,,Basarabia,,Cans & Jars,Cans & Jars,TRUE,Title,Default Title,,,,,,,,MAR-11420,199.9888759,shopify,6,deny,manual,1.3,,TRUE,FALSE,,,,,,,,,FALSE,,,,lb,,,active
mandy-pate-vegetal-ciuperci-120g-11419,Mandy Pate Vegetal Ciuperci 120g,,Basarabia,,Cans & Jars,Cans & Jars,TRUE,Title,Default Title,,,,,,,,MAR-11419,120.0205411,shopify,6,deny,manual,1,,TRUE,FALSE,,,,,,,,,FALSE,,,,lb,,,active
mandy-pate-vegetal-ardei-gras-200g-11425,Mandy Pate Vegetal Ardei Gras 200g,,Basarabia,,Cans & Jars,Cans & Jars,TRUE,Title,Default Title,,,,,,,,MAR-11425,199.9888759,shopify,6,deny,manual,1.3,,TRUE,FALSE,,,,,,,,,FALSE,,,,lb,,,active
mandy-pate-vegetal-ardei-gras-120g-11424,Mandy Pate Vegetal Ardei Gras 120g,,Basarabia,,Cans & Jars,Cans & Jars,TRUE,Title,Default Title,,,,,,,,MAR-11424,120.0205411,shopify,6,deny,manual,1,,TRUE,FALSE,,,,,,,,,FALSE,,,,lb,,,active
mandy-pate-ton-100g-18555,Mandy Pate Ton 100g,,Basarabia,,Cans & Jars,Cans & Jars,TRUE,Title,Default Title,,,,,,,,MAR-18555,100.0171176,shopify,9,deny,manual,1.3,,TRUE,FALSE,,,,,,,,,FALSE,,,,lb,,,active
hada-muraturi-asortate-otet-amphora-1700ml-17094,Hada Muraturi Asortate Otet Amphora 1700ml,,Basarabia,,Cans & Jars,"Cans & Jars, price-match",TRUE,Title,Default Title,,,,,,,,MAR-17094,0,shopify,4,deny,manual,5.7,,TRUE,FALSE,,,,,,,,,FALSE,,,,lb,,,active
deroni-zacusca-kapitan-deroniko-260g-18634,Deroni Zacusca Kapitan Deroniko 260g,,Basarabia,,Cans & Jars,Cans & Jars,TRUE,Title,Default Title,,,,,,,,MAR-18634,259.9991465,shopify,6,deny,manual,2.2,,TRUE,FALSE,,,,,,,,,FALSE,,,,lb,,,active
defne-masline-2-5kg-12152,Defne Masline 2.5kg,,Basarabia,,Cans & Jars,Cans & Jars,TRUE,Title,Default Title,,,,,,,,MAR-12152,2500.019706,shopify,2,deny,manual,12.4,,TRUE,FALSE,,,,,,,,,FALSE,,,,lb,,,active
defne-gogosari-in-otet-5000ml-13411,Defne Gogosari In Otet 5000ml,,Basarabia,,Cans & Jars,"Cans & Jars, price-match",TRUE,Title,Default Title,,,,,,,,MAR-13411,0,shopify,4,deny,manual,12,,TRUE,FALSE,,,,,,,,,FALSE,,,,lb,,,active
defne-castraveti-in-otet-9-12cm-5000g-15613,Defne Castraveti In Otet 9-12Cm 5000g,,Basarabia,,Cans & Jars,"Cans & Jars, price-match",TRUE,Title,Default Title,,,,,,,,MAR-15613,4999.994054,shopify,4,deny,manual,8.2,,TRUE,FALSE,,,,,,,,,FALSE,,,,lb,,,active
colonia-polen-poliflor-200g-18698,Colonia Polen Poliflor 200g,,Basarabia,,Cans & Jars,Cans & Jars,TRUE,Title,Default Title,,,,,,,,MAR-18698,199.9888759,shopify,6,deny,manual,6.5,,TRUE,FALSE,,,,,,,,,FALSE,,,,lb,,,active
colonia-miere-albine-salcam-420g-18288,Colonia Miere Albine Salcam 420g,,Basarabia,,Cans & Jars,Cans & Jars,TRUE,Title,Default Title,,,,,,,,MAR-18288,419.9811754,shopify,6,deny,manual,7.2,,TRUE,FALSE,,,,,,,,,FALSE,,,,lb,,,active
colonia-fagure-miere-salcam-150g-18697,Colonia Fagure Miere Salcam 150g,,Basarabia,,Cans & Jars,Cans & Jars,TRUE,Title,Default Title,,,,,,,,MAR-18697,150.0029968,shopify,10,deny,manual,10.1,,TRUE,FALSE,,,,,,,,,FALSE,,,,lb,,,active
colonia-fagure-miere-poliflora-150g-18696,Colonia Fagure Miere Poliflora 150g,,Basarabia,,Cans & Jars,Cans & Jars,TRUE,Title,Default Title,,,,,,,,MAR-18696,150.0029968,shopify,10,deny,manual,7.8,,TRUE,FALSE,,,,,,,,,FALSE,,,,lb,,,active
cegusto-zeama-varza-murata-1l-13261,Cegusto Zeama Varza Murata 1L,,Basarabia,Uncategorized,Cans & Jars,Cans & Jars,TRUE,Title,Default Title,,,,,,,,MAR-13261,0,shopify,6,deny,manual,1.5,,TRUE,FALSE,,,,,,,,,FALSE,,,,lb,,,active
capricii-delicii-zacusca-picanta-290g-17041,Capricii Delicii Zacusca Picanta 290g,,Basarabia,,Cans & Jars,Cans & Jars,TRUE,Title,Default Title,,,,,,,,MAR-17041,289.9816021,shopify,6,deny,manual,2.9,,TRUE,FALSE,,,,,,,,,FALSE,,,,lb,,,active
capricii-delicii-zacusca-de-galbiori-290g-14365,Capricii Delicii Zacusca De Galbiori 290g,,Basarabia,,Cans & Jars,Cans & Jars,TRUE,Title,Default Title,,,,,,,,MAR-14365,289.9816021,shopify,6,deny,manual,3.2,,TRUE,FALSE,,,,,,,,,FALSE,,,,lb,,,active
capricii-delicii-zacusca-ciuperci-290g-17039,Capricii Delicii Zacusca Ciuperci 290g,,Basarabia,,Cans & Jars,Cans & Jars,TRUE,Title,Default Title,,,,,,,,MAR-17039,289.9816021,shopify,6,deny,manual,2.9,,TRUE,FALSE,,,,,,,,,FALSE,,,,lb,,,active
capricii-delicii-salata-vinete-cu-ardei-copti-17038,Capricii Delicii Salata Vinete Cu Ardei Copti,,Basarabia,,Cans & Jars,Cans & Jars,TRUE,Title,Default Title,,,,,,,,MAR-17038,0,shopify,6,deny,manual,3.1,,TRUE,FALSE,,,,,,,,,FALSE,,,,lb,,,active
camara-lui-enache-zacusca-traditionala-vinete-13430,Camara Lui Enache Zacusca Traditionala Vinete,,Basarabia,,Cans & Jars,Cans & Jars,TRUE,Title,Default Title,,,,,,,,MAR-13430,0,shopify,6,deny,manual,3.6,,TRUE,FALSE,,,,,,,,,FALSE,,,,lb,,,active
camara-lui-enache-zacusca-traditionala-vinete-13429,Camara Lui Enache Zacusca Traditionala Vinete,,Basarabia,,Cans & Jars,Cans & Jars,TRUE,Title,Default Title,,,,,,,,MAR-13429,0,shopify,6,deny,manual,2.6,,TRUE,FALSE,,,,,,,,,FALSE,,,,lb,,,active
camara-lui-enache-vinete-coapte-580g-17091,Camara Lui Enache Vinete Coapte 580g,,Basarabia,,Cans & Jars,Cans & Jars,TRUE,Title,Default Title,,,,,,,,MAR-17091,580.0085635,shopify,12,deny,manual,2.9,,TRUE,FALSE,,,,,,,,,FALSE,,,,lb,,,active
camara-lui-enache-varza-foi-vid-15kg-10291,Camara Lui Enache Varza Foi Vid 15kg,,Basarabia,,Cans & Jars,Cans & Jars,TRUE,Title,Default Title,,,,,,,,MAR-10291,14999.98216,shopify,16,deny,manual,2.5,,TRUE,FALSE,,,,,,,,,FALSE,,,,lb,,,active
camara-lui-enache-varza-capatani-15kg-10294,Camara Lui Enache Varza Capatani 15kg,,Basarabia,,Cans & Jars,Cans & Jars,TRUE,Title,Default Title,,,,,,,,MAR-10294,14999.98216,shopify,15,deny,manual,1.6,,TRUE,FALSE,,,,,,,,,FALSE,,,,lb,,,active
camara-lui-enache-masline-verzi-fara-samburi-18711,Camara Lui Enache Masline Verzi Fara Samburi,,Basarabia,,Cans & Jars,Cans & Jars,TRUE,Title,Default Title,,,,,,,,MAR-18711,0,shopify,12,deny,manual,2.6,,TRUE,FALSE,,,,,,,,,FALSE,,,,lb,,,active
camara-lui-enache-masline-verzi-cu-usturoi-180g-18710,Camara Lui Enache Masline Verzi Cu Usturoi 180g,,Basarabia,,Cans & Jars,Cans & Jars,TRUE,Title,Default Title,,,,,,,,MAR-18710,179.9854524,shopify,12,deny,manual,3,,TRUE,FALSE,,,,,,,,,FALSE,,,,lb,,,active
camara-lui-enache-masline-kalamon-fara-samburi-18709,Camara Lui Enache Masline Kalamon Fara Samburi,,Basarabia,,Cans & Jars,Cans & Jars,TRUE,Title,Default Title,,,,,,,,MAR-18709,0,shopify,12,deny,manual,2.6,,TRUE,FALSE,,,,,,,,,FALSE,,,,lb,,,active
camara-lui-enache-masline-grecesti-size-70-90-18516,Camara Lui Enache Masline Grecesti(Size 70-90),,Basarabia,,Cans & Jars,Cans & Jars,TRUE,Title,Default Title,,,,,,,,MAR-18516,0,shopify,6,deny,manual,3,,TRUE,FALSE,,,,,,,,,FALSE,,,,lb,,,active
camara-lui-enache-masline-grecesti-size-70-90-18515,Camara Lui Enache Masline Grecesti(Size 70-90),,Basarabia,,Cans & Jars,Cans & Jars,TRUE,Title,Default Title,,,,,,,,MAR-18515,0,shopify,4,deny,manual,14,,TRUE,FALSE,,,,,,,,,FALSE,,,,lb,,,active
camara-lui-enache-frunze-vita-720ml-13762,Camara Lui Enache Frunze Vita 720ml,,Basarabia,,Cans & Jars,Cans & Jars,TRUE,Title,Default Title,,,,,,,,MAR-13762,0,shopify,6,deny,manual,2.5,,TRUE,FALSE,,,,,,,,,FALSE,,,,lb,,,active
camara-lui-enache-castraveti-saramura-720g-18899,Camara Lui Enache Castraveti Saramura 720g,,Basarabia,,Cans & Jars,Cans & Jars,TRUE,Title,Default Title,,,,,,,,MAR-18899,719.9871689,shopify,6,deny,manual,2.1,,TRUE,FALSE,,,,,,,,,FALSE,,,,lb,,,active
camara-lui-enache-castraveti-otet-720g-6-9cm-18900,Camara Lui Enache Castraveti Otet 720g 6-9Cm,,Basarabia,,Cans & Jars,"Cans & Jars, price-match",TRUE,Title,Default Title,,,,,,,,MAR-18900,719.9871689,shopify,6,deny,manual,1.7,,TRUE,FALSE,,,,,,,,,FALSE,,,,lb,,,active
camara-lui-enache-castraveti-otet-1700ml-6-9cm-18901,Camara Lui Enache Castraveti Otet 1700ml 6-9Cm,,Basarabia,,Cans & Jars,"Cans & Jars, price-match",TRUE,Title,Default Title,,,,,,,,MAR-18901,0,shopify,6,deny,manual,3.2,,TRUE,FALSE,,,,,,,,,FALSE,,,,lb,,,active
buftea-zacusca-legume-314ml-16140,Buftea Zacusca Legume 314ml,,Basarabia,,Cans & Jars,Cans & Jars,TRUE,Title,Default Title,,,,,,,,MAR-16140,0,shopify,6,deny,manual,1.7,,TRUE,FALSE,,,,,,,,,FALSE,,,,lb,,,active
bucegi-pate-vegetal-masline-120g-11465,Bucegi Pate Vegetal Masline 120g,,Basarabia,,Cans & Jars,Cans & Jars,TRUE,Title,Default Title,,,,,,,,MAR-11465,120.0205411,shopify,6,deny,manual,1,,TRUE,FALSE,,,,,,,,,FALSE,,,,lb,,,active
bucegi-pate-vegetal-clasic-120g-11463,Bucegi Pate Vegetal Clasic 120g,,Basarabia,,Cans & Jars,Cans & Jars,TRUE,Title,Default Title,,,,,,,,MAR-11463,120.0205411,shopify,6,deny,manual,1,,TRUE,FALSE,,,,,,,,,FALSE,,,,lb,,,active
bucegi-pate-vegetal-clasic-200g-11432,Bucegi Pate Vegetal Clasic 200g,,Basarabia,,Cans & Jars,Cans & Jars,TRUE,Title,Default Title,,,,,,,,MAR-11432,199.9888759,shopify,6,deny,manual,1.5,,TRUE,FALSE,,,,,,,,,FALSE,,,,lb,,,active
bucegi-pate-vegetal-ciuperci-120g-11464,Bucegi Pate Vegetal Ciuperci 120g,,Basarabia,,Cans & Jars,Cans & Jars,TRUE,Title,Default Title,,,,,,,,MAR-11464,120.0205411,shopify,6,deny,manual,1,,TRUE,FALSE,,,,,,,,,FALSE,,,,lb,,,active
bucegi-pate-vegetal-ciuperci-200g-11449,Bucegi Pate Vegetal Ciuperci 200g,,Basarabia,,Cans & Jars,Cans & Jars,TRUE,Title,Default Title,,,,,,,,MAR-11449,199.9888759,shopify,6,deny,manual,1.5,,TRUE,FALSE,,,,,,,,,FALSE,,,,lb,,,active
bucegi-pate-vegetal-ceapa-verde-120g-17741,Bucegi Pate Vegetal Ceapa Verde 120g,,Basarabia,,Cans & Jars,"Cans & Jars, price-match",TRUE,Title,Default Title,,,,,,,,MAR-17741,120.0205411,shopify,6,deny,manual,1,,TRUE,FALSE,,,,,,,,,FALSE,,,,lb,,,active
bucegi-pate-vegetal-ardei-copt-120g-17742,Bucegi Pate Vegetal Ardei Copt 120g,,Basarabia,,Cans & Jars,Cans & Jars,TRUE,Title,Default Title,,,,,,,,MAR-17742,120.0205411,shopify,6,deny,manual,1,,TRUE,FALSE,,,,,,,,,FALSE,,,,lb,,,active
bucegi-pate-vegetal-ardei-120g-11466,Bucegi Pate Vegetal Ardei 120g,,Basarabia,,Cans & Jars,Cans & Jars,TRUE,Title,Default Title,,,,,,,,MAR-11466,120.0205411,shopify,6,deny,manual,1,,TRUE,FALSE,,,,,,,,,FALSE,,,,lb,,,active
bucegi-pate-vegetal-ardei-200g-11443,Bucegi Pate Vegetal Ardei 200g,,Basarabia,,Cans & Jars,Cans & Jars,TRUE,Title,Default Title,,,,,,,,MAR-11443,199.9888759,shopify,6,deny,manual,1.5,,TRUE,FALSE,,,,,,,,,FALSE,,,,lb,,,active
bucegi-pate-pui-200g-11429,Bucegi Pate Pui 200g,,Basarabia,,Cans & Jars,Cans & Jars,TRUE,Title,Default Title,,,,,,,,MAR-11429,199.9888759,shopify,6,deny,manual,1.5,,TRUE,FALSE,,,,,,,,,FALSE,,,,lb,,,active
bucegi-pate-pui-300g-11433,Bucegi Pate Pui 300g,,Basarabia,Uncategorized,Cans & Jars,Cans & Jars,TRUE,Title,Default Title,,,,,,,,MAR-11433,300.0059935,shopify,6,deny,manual,1.8,,TRUE,FALSE,,,,,,,,,FALSE,,,,lb,,,active
bucegi-pate-porc-200g-11428,Bucegi Pate Porc 200g,,Basarabia,,Cans & Jars,Cans & Jars,TRUE,Title,Default Title,,,,,,,,MAR-11428,199.9888759,shopify,6,deny,manual,1.5,,TRUE,FALSE,,,,,,,,,FALSE,,,,lb,,,active
bucegi-pate-porc-300g-11431,Bucegi Pate Porc 300g,,Basarabia,Uncategorized,Cans & Jars,Cans & Jars,TRUE,Title,Default Title,,,,,,,,MAR-11431,300.0059935,shopify,6,deny,manual,1.8,,TRUE,FALSE,,,,,,,,,FALSE,,,,lb,,,active
bucegi-pate-gasca-120g-11458,Bucegi Pate Gasca 120g,,Basarabia,,Cans & Jars,Cans & Jars,TRUE,Title,Default Title,,,,,,,,MAR-11458,120.0205411,shopify,6,deny,manual,1,,TRUE,FALSE,,,,,,,,,FALSE,,,,lb,,,active
ardealul-pate-vegetal-masline-100g-16885,Ardealul Pate Vegetal Masline 100g,,Basarabia,,Cans & Jars,Cans & Jars,TRUE,Title,Default Title,,,,,,,,MAR-16885,100.0171176,shopify,6,deny,manual,0.8,,TRUE,FALSE,,,,,,,,,FALSE,,,,lb,,,active
ardealul-pate-vegetal-ciuperci-100g-16884,Ardealul Pate Vegetal Ciuperci 100g,,Basarabia,,Cans & Jars,Cans & Jars,TRUE,Title,Default Title,,,,,,,,MAR-16884,100.0171176,shopify,6,deny,manual,0.9,,TRUE,FALSE,,,,,,,,,FALSE,,,,lb,,,active
ardealul-pate-vegetal-ardei-200g-16881,Ardealul Pate Vegetal Ardei 200g,,Basarabia,Uncategorized,Cans & Jars,Cans & Jars,TRUE,Title,Default Title,,,,,,,,MAR-16881,199.9888759,shopify,6,deny,manual,1.4,,TRUE,FALSE,,,,,,,,,FALSE,,,,lb,,,active
ardealul-pate-vegetal-ardei-100g-16882,Ardealul Pate Vegetal Ardei 100g,,Basarabia,,Cans & Jars,Cans & Jars,TRUE,Title,Default Title,,,,,,,,MAR-16882,100.0171176,shopify,6,deny,manual,0.8,,TRUE,FALSE,,,,,,,,,FALSE,,,,lb,,,active
ardealul-pate-vegetal-200g-11311,Ardealul Pate Vegetal 200g,,Basarabia,,Cans & Jars,Cans & Jars,TRUE,Title,Default Title,,,,,,,,MAR-11311,199.9888759,shopify,6,deny,manual,1.1,,TRUE,FALSE,,,,,,,,,FALSE,,,,lb,,,active
ardealul-pate-pui-300g-11321,Ardealul Pate Pui 300g,,Basarabia,,Cans & Jars,Cans & Jars,TRUE,Title,Default Title,,,,,,,,MAR-11321,300.0059935,shopify,6,deny,manual,1.8,,TRUE,FALSE,,,,,,,,,FALSE,,,,lb,,,active
ardealul-pate-pui-200g-11317,Ardealul Pate Pui 200g,,Basarabia,Uncategorized,Cans & Jars,Cans & Jars,TRUE,Title,Default Title,,,,,,,,MAR-11317,199.9888759,shopify,6,deny,manual,1.3,,TRUE,FALSE,,,,,,,,,FALSE,,,,lb,,,active
ardealul-pate-pui-100g-11323,Ardealul Pate Pui 100g,,Basarabia,,Cans & Jars,Cans & Jars,TRUE,Title,Default Title,,,,,,,,MAR-11323,100.0171176,shopify,6,deny,manual,0.8,,TRUE,FALSE,,,,,,,,,FALSE,,,,lb,,,active
ardealul-pate-porc-reteta-lui-ion-100g-14355,Ardealul Pate Porc Reteta Lui Ion 100g,,Basarabia,,Cans & Jars,Cans & Jars,TRUE,Title,Default Title,,,,,,,,MAR-14355,100.0171176,shopify,6,deny,manual,0.9,,TRUE,FALSE,,,,,,,,,FALSE,,,,lb,,,active
ardealul-pate-porc-picant-200g-11315,Ardealul Pate Porc Picant 200g,,Basarabia,Uncategorized,Cans & Jars,Cans & Jars,TRUE,Title,Default Title,,,,,,,,MAR-11315,199.9888759,shopify,6,deny,manual,1.3,,TRUE,FALSE,,,,,,,,,FALSE,,,,lb,,,active
ardealul-pate-porc-300g-11318,Ardealul Pate Porc 300g,,Basarabia,,Cans & Jars,Cans & Jars,TRUE,Title,Default Title,,,,,,,,MAR-11318,300.0059935,shopify,6,deny,manual,1.7,,TRUE,FALSE,,,,,,,,,FALSE,,,,lb,,,active
ardealul-pate-porc-200g-11316,Ardealul Pate Porc 200g,,Basarabia,Uncategorized,Cans & Jars,Cans & Jars,TRUE,Title,Default Title,,,,,,,,MAR-11316,199.9888759,shopify,6,deny,manual,1.2,,TRUE,FALSE,,,,,,,,,FALSE,,,,lb,,,active
ardealul-pate-porc-100g-11322,Ardealul Pate Porc 100g,,Basarabia,,Cans & Jars,Cans & Jars,TRUE,Title,Default Title,,,,,,,,MAR-11322,100.0171176,shopify,6,deny,manual,0.7,,TRUE,FALSE,,,,,,,,,FALSE,,,,lb,,,active
antrefrig-pate-porc-picant-100g-14186,Antrefrig Pate Porc Picant 100g,,Basarabia,,Cans & Jars,Cans & Jars,TRUE,Title,Default Title,,,,,,,,MAR-14186,100.0171176,shopify,6,deny,manual,0.9,,TRUE,FALSE,,,,,,,,,FALSE,,,,lb,,,active
antrefrig-pate-porc-200g-14110,Antrefrig Pate Porc 200g,,Basarabia,,Cans & Jars,Cans & Jars,TRUE,Title,Default Title,,,,,,,,MAR-14110,199.9888759,shopify,6,deny,manual,1.4,,TRUE,FALSE,,,,,,,,,FALSE,,,,lb,,,active
antrefrig-pate-porc-100g-14109,Antrefrig Pate Porc 100g,,Basarabia,,Cans & Jars,Cans & Jars,TRUE,Title,Default Title,,,,,,,,MAR-14109,100.0171176,shopify,6,deny,manual,1,,TRUE,FALSE,,,,,,,,,FALSE,,,,lb,,,active
antrefrig-junior-pate-porc-unt-100g-16834,Antrefrig Junior Pate Porc Unt 100g,,Basarabia,,Cans & Jars,Cans & Jars,TRUE,Title,Default Title,,,,,,,,MAR-16834,100.0171176,shopify,6,deny,manual,1.1,,TRUE,FALSE,,,,,,,,,FALSE,,,,lb,,,active
altceva-pepene-in-saramura-1600g-18718,Altceva Pepene In Saramura 1600g,,Basarabia,,Cans & Jars,Cans & Jars,TRUE,Title,Default Title,,,,,,,,MAR-18718,1600.001726,shopify,4,deny,manual,4.1,,TRUE,FALSE,,,,,,,,,FALSE,,,,lb,,,active
altceva-muraturi-asortate-1600g-18719,Altceva Muraturi Asortate 1600g,,Basarabia,,Cans & Jars,Cans & Jars,TRUE,Title,Default Title,,,,,,,,MAR-18719,1600.001726,shopify,4,deny,manual,4.2,,TRUE,FALSE,,,,,,,,,FALSE,,,,lb,,,active
varza-murata-capatana-romaneasca-15kg-15246,Varza Murata Capatana Romaneasca 15kg,,Basarabia,,Cans & Jars,Cans & Jars,TRUE,Title,Default Title,,,,,,,,MAR-15246,14999.98216,shopify,15,deny,manual,1.1,,TRUE,FALSE,,,,,,,,,FALSE,,,,lb,,,active
scandia-pate-pui-120g-12851,Scandia Pate Pui 120g,,Basarabia,,Cans & Jars,Cans & Jars,TRUE,Title,Default Title,,,,,,,,MAR-12851,120.0205411,shopify,6,deny,manual,1.3,,TRUE,FALSE,,,,,,,,,FALSE,,,,lb,,,active
scandia-pate-gasca-120g-11430,Scandia Pate Gasca 120g,,Basarabia,,Cans & Jars,Cans & Jars,TRUE,Title,Default Title,,,,,,,,MAR-11430,120.0205411,shopify,6,deny,manual,1.7,,TRUE,FALSE,,,,,,,,,FALSE,,,,lb,,,active
scandia-pate-fazan-120g-11444,Scandia Pate Fazan 120g,,Basarabia,,Cans & Jars,Cans & Jars,TRUE,Title,Default Title,,,,,,,,MAR-11444,120.0205411,shopify,6,deny,manual,1.4,,TRUE,FALSE,,,,,,,,,FALSE,,,,lb,,,active
scandia-pate-curcan-120g-11445,Scandia Pate Curcan 120g,,Basarabia,,Cans & Jars,Cans & Jars,TRUE,Title,Default Title,,,,,,,,MAR-11445,120.0205411,shopify,6,deny,manual,1.4,,TRUE,FALSE,,,,,,,,,FALSE,,,,lb,,,active
raureni-muraturi-asortate-otet-720ml-18266,Raureni Muraturi Asortate Otet 720ml,,Basarabia,,Cans & Jars,"Cans & Jars, price-match",TRUE,Title,Default Title,,,,,,,,MAR-18266,0,shopify,12,deny,manual,1.4,,TRUE,FALSE,,,,,,,,,FALSE,,,,lb,,,active
raureni-castraveti-saramura-720g-10899,Raureni Castraveti Saramura 720g,,Basarabia,,Cans & Jars,Cans & Jars,TRUE,Title,Default Title,,,,,,,,MAR-10899,719.9871689,shopify,12,deny,manual,1.6,,TRUE,FALSE,,,,,,,,,FALSE,,,,lb,,,active
raureni-castraveti-otet-6-9cm-720ml-10875,Raureni Castraveti Otet 6-9Cm 720ml,,Basarabia,,Cans & Jars,"Cans & Jars, price-match",TRUE,Title,Default Title,,,,,,,,MAR-10875,0,shopify,6,deny,manual,1.8,,TRUE,FALSE,,,,,,,,,FALSE,,,,lb,,,active
deroni-zacusca-cu-ardei-capia-si-vinete-coapte-17085,Deroni Zacusca Cu Ardei Capia Si Vinete Coapte,,Basarabia,,Cans & Jars,Cans & Jars,TRUE,Title,Default Title,,,,,,,,MAR-17085,0,shopify,6,deny,manual,1.9,,TRUE,FALSE,,,,,,,,,FALSE,,,,lb,,,active
deroni-zacusca-bulgareasca-300g-18127,Deroni Zacusca Bulgareasca 300g,,Basarabia,,Cans & Jars,Cans & Jars,TRUE,Title,Default Title,,,,,,,,MAR-18127,300.0059935,shopify,6,deny,manual,1.9,,TRUE,FALSE,,,,,,,,,FALSE,,,,lb,,,active
bucegi-pate-pui-120g-11457,Bucegi Pate Pui 120g,,Basarabia,,Cans & Jars,Cans & Jars,TRUE,Title,Default Title,,,,,,,,MAR-11457,120.0205411,shopify,6,deny,manual,0.8,,TRUE,FALSE,,,,,,,,,FALSE,,,,lb,,,active
bucegi-pate-porc-120g-11451,Bucegi Pate Porc 120g,,Basarabia,,Cans & Jars,Cans & Jars,TRUE,Title,Default Title,,,,,,,,MAR-11451,120.0205411,shopify,6,deny,manual,0.8,,TRUE,FALSE,,,,,,,,,FALSE,,,,lb,,,active
ardealul-pate-vegetal-100g-10419,Ardealul Pate Vegetal 100g,,Basarabia,,Cans & Jars,Cans & Jars,TRUE,Title,Default Title,,,,,,,,MAR-10419,100.0171176,shopify,6,deny,manual,0.7,,TRUE,FALSE,,,,,,,,,FALSE,,,,lb,,,active
